countryName,stateName,cityName,uniName,commission,commissionType,logoUrl,website,aboutUs,address,coverImageUrl,campusLifeLinks,sysCountryId,sysStateId,sysCityId,id
United Kingdom,England,London,Demo University London 1,17,PERCENTAGE,https://siuk-europe.s3.amazonaws.com/static/original_images/aru-london-logo-230.jpg,http://lca.anglia.ac.uk/,"ARU London offers an exciting portfolio of undergraduate and postgraduate degree programmes in business and finance.  Choose to specialise in international business, accounting, marketing, law or HRM. Also on offer are full-time and part-time ACCA (Association of Chartered Certified Accountants) courses.
Study for degrees in hospitality and healthcare disciplines with guaranteed work placements within the industry, linking academic learning with the reality of the industry workplace.
ARU London's ethos is simple: to provide highly competitively priced, top quality business education geared to the contemporary student’s need for flexibility as well as the employer’s need for direct relevance.
ARU London is part of Anglia Ruskin University.","London, England",https://siuk-europe.s3.amazonaws.com/static/original_images/aru-london-logo-230.jpg,https://www.youtube.com/watch?v=jiYjHbLv8Vc,115a6f7c-88ab-4877-8c69-7fdfc183df15,b4ce7576-844b-490d-9238-51a6064cd021,38912944-f04f-4479-aec5-14ebb342a652,827faa5c-2f11-4702-9cc0-e9a9908a1ab3
United Kingdom,England,Manchester,Demo University Manchester 2,20,PERCENTAGE,https://siuk-europe.s3.amazonaws.com/static/original_images/aru-london-logo-230.jpg,http://lca.anglia.ac.uk/,"ARU London offers an exciting portfolio of undergraduate and postgraduate degree programmes in business and finance.  Choose to specialise in international business, accounting, marketing, law or HRM. Also on offer are full-time and part-time ACCA (Association of Chartered Certified Accountants) courses.
Study for degrees in hospitality and healthcare disciplines with guaranteed work placements within the industry, linking academic learning with the reality of the industry workplace.
ARU London's ethos is simple: to provide highly competitively priced, top quality business education geared to the contemporary student’s need for flexibility as well as the employer’s need for direct relevance.
ARU London is part of Anglia Ruskin University.","London, England",https://siuk-europe.s3.amazonaws.com/static/original_images/aru-london-logo-230.jpg,https://www.youtube.com/watch?v=jiYjHbLv8Vc,115a6f7c-88ab-4877-8c69-7fdfc183df15,b4ce7576-844b-490d-9238-51a6064cd021,f1560257-ef1a-4761-bc9a-709ab0562727,b64f2e6c-22bc-4746-8d54-5847eaf8f08f
United Kingdom,Scotland,Edinburgh,Demo University Edinburgh 3,20,PERCENTAGE,https://siuk-europe.s3.amazonaws.com/static/original_images/aru-london-logo-230.jpg,http://lca.anglia.ac.uk/,"ARU London offers an exciting portfolio of undergraduate and postgraduate degree programmes in business and finance.  Choose to specialise in international business, accounting, marketing, law or HRM. Also on offer are full-time and part-time ACCA (Association of Chartered Certified Accountants) courses.
Study for degrees in hospitality and healthcare disciplines with guaranteed work placements within the industry, linking academic learning with the reality of the industry workplace.
ARU London's ethos is simple: to provide highly competitively priced, top quality business education geared to the contemporary student’s need for flexibility as well as the employer’s need for direct relevance.
ARU London is part of Anglia Ruskin University.","London, England",https://siuk-europe.s3.amazonaws.com/static/original_images/aru-london-logo-230.jpg,https://www.youtube.com/watch?v=jiYjHbLv8Vc,115a6f7c-88ab-4877-8c69-7fdfc183df15,481c5e56-2192-45a0-a2d0-2f2f6f267780,028884c6-4349-45a9-92a7-d156b33a3b44,1ffe8c31-49d2-4cdb-b1fc-fed28fe60684
United Kingdom,Wales,Cardiff,Demo University Cardiff 4,12,PERCENTAGE,https://siuk-europe.s3.amazonaws.com/static/original_images/aru-london-logo-230.jpg,http://lca.anglia.ac.uk/,"ARU London offers an exciting portfolio of undergraduate and postgraduate degree programmes in business and finance.  Choose to specialise in international business, accounting, marketing, law or HRM. Also on offer are full-time and part-time ACCA (Association of Chartered Certified Accountants) courses.
Study for degrees in hospitality and healthcare disciplines with guaranteed work placements within the industry, linking academic learning with the reality of the industry workplace.
ARU London's ethos is simple: to provide highly competitively priced, top quality business education geared to the contemporary student’s need for flexibility as well as the employer’s need for direct relevance.
ARU London is part of Anglia Ruskin University.","London, England",https://siuk-europe.s3.amazonaws.com/static/original_images/aru-london-logo-230.jpg,https://www.youtube.com/watch?v=jiYjHbLv8Vc,115a6f7c-88ab-4877-8c69-7fdfc183df15,50e8438b-bf3c-49d5-8ef0-37084cdde275,1f8d7f23-0b5b-4150-8602-1ca5fedf9d0b,847a929b-f96c-4855-a2a7-b678c169d8b4
Canada,Ontario,Toronto,Demo University Toronto 5,1905,AMOUNT,https://siuk-europe.s3.amazonaws.com/static/original_images/aru-london-logo-230.jpg,http://lca.anglia.ac.uk/,"ARU London offers an exciting portfolio of undergraduate and postgraduate degree programmes in business and finance.  Choose to specialise in international business, accounting, marketing, law or HRM. Also on offer are full-time and part-time ACCA (Association of Chartered Certified Accountants) courses.
Study for degrees in hospitality and healthcare disciplines with guaranteed work placements within the industry, linking academic learning with the reality of the industry workplace.
ARU London's ethos is simple: to provide highly competitively priced, top quality business education geared to the contemporary student’s need for flexibility as well as the employer’s need for direct relevance.
ARU London is part of Anglia Ruskin University.","London, England",https://siuk-europe.s3.amazonaws.com/static/original_images/aru-london-logo-230.jpg,https://www.youtube.com/watch?v=jiYjHbLv8Vc,5c6a58c4-6ac2-49d4-a2a8-8c066f904c9b,4d3d0bc3-9f63-40f9-9c0c-355cd79e1da8,0d837c32-eb6e-4914-a92c-ef53feb5d431,034fc66b-7473-4896-9ae3-6c25147d9ee5
Canada,Ontario,Ottawa,Demo University Ottawa 6,24,PERCENTAGE,https://siuk-europe.s3.amazonaws.com/static/original_images/aru-london-logo-230.jpg,http://lca.anglia.ac.uk/,"ARU London offers an exciting portfolio of undergraduate and postgraduate degree programmes in business and finance.  Choose to specialise in international business, accounting, marketing, law or HRM. Also on offer are full-time and part-time ACCA (Association of Chartered Certified Accountants) courses.
Study for degrees in hospitality and healthcare disciplines with guaranteed work placements within the industry, linking academic learning with the reality of the industry workplace.
ARU London's ethos is simple: to provide highly competitively priced, top quality business education geared to the contemporary student’s need for flexibility as well as the employer’s need for direct relevance.
ARU London is part of Anglia Ruskin University.","London, England",https://siuk-europe.s3.amazonaws.com/static/original_images/aru-london-logo-230.jpg,https://www.youtube.com/watch?v=jiYjHbLv8Vc,5c6a58c4-6ac2-49d4-a2a8-8c066f904c9b,4d3d0bc3-9f63-40f9-9c0c-355cd79e1da8,21ab7067-5830-4dde-989c-4483338c1e8e,80ba8600-2c54-439e-92ce-92140a892b31
Canada,British Columbia,Vancouver,Demo University Vancouver 7,20,PERCENTAGE,https://siuk-europe.s3.amazonaws.com/static/original_images/aru-london-logo-230.jpg,http://lca.anglia.ac.uk/,"ARU London offers an exciting portfolio of undergraduate and postgraduate degree programmes in business and finance.  Choose to specialise in international business, accounting, marketing, law or HRM. Also on offer are full-time and part-time ACCA (Association of Chartered Certified Accountants) courses.
Study for degrees in hospitality and healthcare disciplines with guaranteed work placements within the industry, linking academic learning with the reality of the industry workplace.
ARU London's ethos is simple: to provide highly competitively priced, top quality business education geared to the contemporary student’s need for flexibility as well as the employer’s need for direct relevance.
ARU London is part of Anglia Ruskin University.","London, England",https://siuk-europe.s3.amazonaws.com/static/original_images/aru-london-logo-230.jpg,https://www.youtube.com/watch?v=jiYjHbLv8Vc,5c6a58c4-6ac2-49d4-a2a8-8c066f904c9b,2c04fa0e-776d-4f97-ad77-33de3d22d8ac,61836664-0699-4031-85f1-8568912c470b,58954faf-6738-4f57-b00f-0aabbed72ebf
Canada,Quebec,Montreal,Demo University Montreal 8,13,PERCENTAGE,https://siuk-europe.s3.amazonaws.com/static/original_images/aru-london-logo-230.jpg,http://lca.anglia.ac.uk/,"ARU London offers an exciting portfolio of undergraduate and postgraduate degree programmes in business and finance.  Choose to specialise in international business, accounting, marketing, law or HRM. Also on offer are full-time and part-time ACCA (Association of Chartered Certified Accountants) courses.
Study for degrees in hospitality and healthcare disciplines with guaranteed work placements within the industry, linking academic learning with the reality of the industry workplace.
ARU London's ethos is simple: to provide highly competitively priced, top quality business education geared to the contemporary student’s need for flexibility as well as the employer’s need for direct relevance.
ARU London is part of Anglia Ruskin University.","London, England",https://siuk-europe.s3.amazonaws.com/static/original_images/aru-london-logo-230.jpg,https://www.youtube.com/watch?v=jiYjHbLv8Vc,5c6a58c4-6ac2-49d4-a2a8-8c066f904c9b,b959201d-5fae-4223-ad0e-fc930d1225f0,c7744792-2e95-49ac-9d35-a9b92e0e45f5,7fb718ed-7d7e-43ac-b20c-f8c3dd434d24
Australia,New South Wales,Sydney,Demo University Sydney 9,4597,AMOUNT,https://siuk-europe.s3.amazonaws.com/static/original_images/aru-london-logo-230.jpg,http://lca.anglia.ac.uk/,"ARU London offers an exciting portfolio of undergraduate and postgraduate degree programmes in business and finance.  Choose to specialise in international business, accounting, marketing, law or HRM. Also on offer are full-time and part-time ACCA (Association of Chartered Certified Accountants) courses.
Study for degrees in hospitality and healthcare disciplines with guaranteed work placements within the industry, linking academic learning with the reality of the industry workplace.
ARU London's ethos is simple: to provide highly competitively priced, top quality business education geared to the contemporary student’s need for flexibility as well as the employer’s need for direct relevance.
ARU London is part of Anglia Ruskin University.","London, England",https://siuk-europe.s3.amazonaws.com/static/original_images/aru-london-logo-230.jpg,https://www.youtube.com/watch?v=jiYjHbLv8Vc,afe722a0-08f1-4b88-ae83-ac26a9c7de7c,6d9e4ed8-25b1-4225-b5ff-cc68c77f8cd4,0189027f-a9f1-49a4-b144-23cf56a8f775,ed72fe32-66ad-40fd-b695-c1006345611f
Australia,Victoria,Melbourne,Demo University Melbourne 10,22,PERCENTAGE,https://siuk-europe.s3.amazonaws.com/static/original_images/aru-london-logo-230.jpg,http://lca.anglia.ac.uk/,"ARU London offers an exciting portfolio of undergraduate and postgraduate degree programmes in business and finance.  Choose to specialise in international business, accounting, marketing, law or HRM. Also on offer are full-time and part-time ACCA (Association of Chartered Certified Accountants) courses.
Study for degrees in hospitality and healthcare disciplines with guaranteed work placements within the industry, linking academic learning with the reality of the industry workplace.
ARU London's ethos is simple: to provide highly competitively priced, top quality business education geared to the contemporary student’s need for flexibility as well as the employer’s need for direct relevance.
ARU London is part of Anglia Ruskin University.","London, England",https://siuk-europe.s3.amazonaws.com/static/original_images/aru-london-logo-230.jpg,https://www.youtube.com/watch?v=jiYjHbLv8Vc,afe722a0-08f1-4b88-ae83-ac26a9c7de7c,de4f1024-23ee-4382-8da0-db2c671eeccd,f811bd59-4117-49ee-ad6a-280d6a504f2a,cdfc77af-1fff-4242-a19b-77c21f4b79bf
Australia,Queensland,Brisbane,Demo University Brisbane 11,14,PERCENTAGE,https://siuk-europe.s3.amazonaws.com/static/original_images/aru-london-logo-230.jpg,http://lca.anglia.ac.uk/,"ARU London offers an exciting portfolio of undergraduate and postgraduate degree programmes in business and finance.  Choose to specialise in international business, accounting, marketing, law or HRM. Also on offer are full-time and part-time ACCA (Association of Chartered Certified Accountants) courses.
Study for degrees in hospitality and healthcare disciplines with guaranteed work placements within the industry, linking academic learning with the reality of the industry workplace.
ARU London's ethos is simple: to provide highly competitively priced, top quality business education geared to the contemporary student’s need for flexibility as well as the employer’s need for direct relevance.
ARU London is part of Anglia Ruskin University.","London, England",https://siuk-europe.s3.amazonaws.com/static/original_images/aru-london-logo-230.jpg,https://www.youtube.com/watch?v=jiYjHbLv8Vc,afe722a0-08f1-4b88-ae83-ac26a9c7de7c,4710fdd5-df02-4058-8125-a30d416af834,7e6d1271-94ea-4444-9ecf-395b51e82de7,8031d485-f11f-4caf-aa76-c2c93ee4bd1b
United States,California,Los Angeles,Demo University Los Angeles 12,10,PERCENTAGE,https://siuk-europe.s3.amazonaws.com/static/original_images/aru-london-logo-230.jpg,http://lca.anglia.ac.uk/,"ARU London offers an exciting portfolio of undergraduate and postgraduate degree programmes in business and finance.  Choose to specialise in international business, accounting, marketing, law or HRM. Also on offer are full-time and part-time ACCA (Association of Chartered Certified Accountants) courses.
Study for degrees in hospitality and healthcare disciplines with guaranteed work placements within the industry, linking academic learning with the reality of the industry workplace.
ARU London's ethos is simple: to provide highly competitively priced, top quality business education geared to the contemporary student’s need for flexibility as well as the employer’s need for direct relevance.
ARU London is part of Anglia Ruskin University.","London, England",https://siuk-europe.s3.amazonaws.com/static/original_images/aru-london-logo-230.jpg,https://www.youtube.com/watch?v=jiYjHbLv8Vc,9b14be43-9969-4559-afc7-cb84c513dc96,28ff8462-def5-4519-8044-106a10a9bfea,21b13422-7981-406c-a6a5-62011a3b36ce,a92825ff-fabf-4a5f-93ec-619b02ffe38c
United States,California,San Francisco,Demo University San Francisco 13,24,PERCENTAGE,https://siuk-europe.s3.amazonaws.com/static/original_images/aru-london-logo-230.jpg,http://lca.anglia.ac.uk/,"ARU London offers an exciting portfolio of undergraduate and postgraduate degree programmes in business and finance.  Choose to specialise in international business, accounting, marketing, law or HRM. Also on offer are full-time and part-time ACCA (Association of Chartered Certified Accountants) courses.
Study for degrees in hospitality and healthcare disciplines with guaranteed work placements within the industry, linking academic learning with the reality of the industry workplace.
ARU London's ethos is simple: to provide highly competitively priced, top quality business education geared to the contemporary student’s need for flexibility as well as the employer’s need for direct relevance.
ARU London is part of Anglia Ruskin University.","London, England",https://siuk-europe.s3.amazonaws.com/static/original_images/aru-london-logo-230.jpg,https://www.youtube.com/watch?v=jiYjHbLv8Vc,9b14be43-9969-4559-afc7-cb84c513dc96,28ff8462-def5-4519-8044-106a10a9bfea,ceba3779-1eee-4d7c-842d-a03c4585cf09,e9195550-c5e9-42a0-8f53-882936f32c09
United States,New York,New York City,Demo University New York City 14,11,PERCENTAGE,https://siuk-europe.s3.amazonaws.com/static/original_images/aru-london-logo-230.jpg,http://lca.anglia.ac.uk/,"ARU London offers an exciting portfolio of undergraduate and postgraduate degree programmes in business and finance.  Choose to specialise in international business, accounting, marketing, law or HRM. Also on offer are full-time and part-time ACCA (Association of Chartered Certified Accountants) courses.
Study for degrees in hospitality and healthcare disciplines with guaranteed work placements within the industry, linking academic learning with the reality of the industry workplace.
ARU London's ethos is simple: to provide highly competitively priced, top quality business education geared to the contemporary student’s need for flexibility as well as the employer’s need for direct relevance.
ARU London is part of Anglia Ruskin University.","London, England",https://siuk-europe.s3.amazonaws.com/static/original_images/aru-london-logo-230.jpg,https://www.youtube.com/watch?v=jiYjHbLv8Vc,9b14be43-9969-4559-afc7-cb84c513dc96,8d7063e7-4b1f-490c-970e-c3dc6cf5a8aa,80f5b7e5-0a97-4c10-a4de-55bfcbd465cd,87b423bd-0ae0-4f6d-9eaa-b51c508922b8
United States,Texas,Houston,Demo University Houston 15,19,PERCENTAGE,https://siuk-europe.s3.amazonaws.com/static/original_images/aru-london-logo-230.jpg,http://lca.anglia.ac.uk/,"ARU London offers an exciting portfolio of undergraduate and postgraduate degree programmes in business and finance.  Choose to specialise in international business, accounting, marketing, law or HRM. Also on offer are full-time and part-time ACCA (Association of Chartered Certified Accountants) courses.
Study for degrees in hospitality and healthcare disciplines with guaranteed work placements within the industry, linking academic learning with the reality of the industry workplace.
ARU London's ethos is simple: to provide highly competitively priced, top quality business education geared to the contemporary student’s need for flexibility as well as the employer’s need for direct relevance.
ARU London is part of Anglia Ruskin University.","London, England",https://siuk-europe.s3.amazonaws.com/static/original_images/aru-london-logo-230.jpg,https://www.youtube.com/watch?v=jiYjHbLv8Vc,9b14be43-9969-4559-afc7-cb84c513dc96,2c01c4bf-0c8a-4eec-9345-2b050aa8f023,4e921276-f72d-4c65-b6d6-2a6caa5d96a5,784484e1-d238-4782-b69a-0bee63393818
United States,Illinois,Chicago,Demo University Chicago 16,2076,AMOUNT,https://siuk-europe.s3.amazonaws.com/static/original_images/aru-london-logo-230.jpg,http://lca.anglia.ac.uk/,"ARU London offers an exciting portfolio of undergraduate and postgraduate degree programmes in business and finance.  Choose to specialise in international business, accounting, marketing, law or HRM. Also on offer are full-time and part-time ACCA (Association of Chartered Certified Accountants) courses.
Study for degrees in hospitality and healthcare disciplines with guaranteed work placements within the industry, linking academic learning with the reality of the industry workplace.
ARU London's ethos is simple: to provide highly competitively priced, top quality business education geared to the contemporary student’s need for flexibility as well as the employer’s need for direct relevance.
ARU London is part of Anglia Ruskin University.","London, England",https://siuk-europe.s3.amazonaws.com/static/original_images/aru-london-logo-230.jpg,https://www.youtube.com/watch?v=jiYjHbLv8Vc,9b14be43-9969-4559-afc7-cb84c513dc96,e99648ca-923e-4740-bedc-8256366acbfa,9d0a610d-d474-4ef5-a342-68bdc1ba4d7b,1155e55a-95eb-42fc-b52b-40ad34f840a7
Germany,Bavaria,Munich,Demo University Munich 17,21,PERCENTAGE,https://siuk-europe.s3.amazonaws.com/static/original_images/aru-london-logo-230.jpg,http://lca.anglia.ac.uk/,"ARU London offers an exciting portfolio of undergraduate and postgraduate degree programmes in business and finance.  Choose to specialise in international business, accounting, marketing, law or HRM. Also on offer are full-time and part-time ACCA (Association of Chartered Certified Accountants) courses.
Study for degrees in hospitality and healthcare disciplines with guaranteed work placements within the industry, linking academic learning with the reality of the industry workplace.
ARU London's ethos is simple: to provide highly competitively priced, top quality business education geared to the contemporary student’s need for flexibility as well as the employer’s need for direct relevance.
ARU London is part of Anglia Ruskin University.","London, England",https://siuk-europe.s3.amazonaws.com/static/original_images/aru-london-logo-230.jpg,https://www.youtube.com/watch?v=jiYjHbLv8Vc,bfc8ae69-196e-4965-a458-dbcfabb62f74,97c56c14-4271-457d-aa65-7b4833b9b7c0,6eff069a-2ce5-40bc-8dd2-e617a9fa0086,e20436f8-4bd6-41f9-a3c4-06d455a83f63
Germany,Berlin,Berlin,Demo University Berlin 18,17,PERCENTAGE,https://siuk-europe.s3.amazonaws.com/static/original_images/aru-london-logo-230.jpg,http://lca.anglia.ac.uk/,"ARU London offers an exciting portfolio of undergraduate and postgraduate degree programmes in business and finance.  Choose to specialise in international business, accounting, marketing, law or HRM. Also on offer are full-time and part-time ACCA (Association of Chartered Certified Accountants) courses.
Study for degrees in hospitality and healthcare disciplines with guaranteed work placements within the industry, linking academic learning with the reality of the industry workplace.
ARU London's ethos is simple: to provide highly competitively priced, top quality business education geared to the contemporary student’s need for flexibility as well as the employer’s need for direct relevance.
ARU London is part of Anglia Ruskin University.","London, England",https://siuk-europe.s3.amazonaws.com/static/original_images/aru-london-logo-230.jpg,https://www.youtube.com/watch?v=jiYjHbLv8Vc,bfc8ae69-196e-4965-a458-dbcfabb62f74,d9144217-ee86-4064-975c-0ea8b0c981db,87ea18c8-d650-4ebd-9c01-5f3a4f7b71f9,140ebdf0-c792-4bb4-a180-1ba60b23ac9c
France,Île-de-France,Paris,Demo University Paris 19,3309,AMOUNT,https://siuk-europe.s3.amazonaws.com/static/original_images/aru-london-logo-230.jpg,http://lca.anglia.ac.uk/,"ARU London offers an exciting portfolio of undergraduate and postgraduate degree programmes in business and finance.  Choose to specialise in international business, accounting, marketing, law or HRM. Also on offer are full-time and part-time ACCA (Association of Chartered Certified Accountants) courses.
Study for degrees in hospitality and healthcare disciplines with guaranteed work placements within the industry, linking academic learning with the reality of the industry workplace.
ARU London's ethos is simple: to provide highly competitively priced, top quality business education geared to the contemporary student’s need for flexibility as well as the employer’s need for direct relevance.
ARU London is part of Anglia Ruskin University.","London, England",https://siuk-europe.s3.amazonaws.com/static/original_images/aru-london-logo-230.jpg,https://www.youtube.com/watch?v=jiYjHbLv8Vc,7282668b-a3f8-47e3-bc3c-10cff00c6d50,d3270a24-f223-45c4-b20b-268c64e5fffe,8f99d8a7-5521-4747-a68d-9c449ed2b46a,adf12156-1b8e-46ed-b2c4-6301c2ff6f4a
Ireland,Leinster,Dublin,Demo University Dublin 20,19,PERCENTAGE,https://siuk-europe.s3.amazonaws.com/static/original_images/aru-london-logo-230.jpg,http://lca.anglia.ac.uk/,"ARU London offers an exciting portfolio of undergraduate and postgraduate degree programmes in business and finance.  Choose to specialise in international business, accounting, marketing, law or HRM. Also on offer are full-time and part-time ACCA (Association of Chartered Certified Accountants) courses.
Study for degrees in hospitality and healthcare disciplines with guaranteed work placements within the industry, linking academic learning with the reality of the industry workplace.
ARU London's ethos is simple: to provide highly competitively priced, top quality business education geared to the contemporary student’s need for flexibility as well as the employer’s need for direct relevance.
ARU London is part of Anglia Ruskin University.","London, England",https://siuk-europe.s3.amazonaws.com/static/original_images/aru-london-logo-230.jpg,https://www.youtube.com/watch?v=jiYjHbLv8Vc,286f6794-7216-4420-8703-bfdf6fc2a50a,8be33aeb-b692-44f4-8e72-4393b356a3c9,4bbfdd53-cd19-4ea4-a5b9-557c99b623ec,1038095f-ef11-4600-9d8f-14f255a3e287
Netherlands,North Holland,Amsterdam,Demo University Amsterdam 21,22,PERCENTAGE,https://siuk-europe.s3.amazonaws.com/static/original_images/aru-london-logo-230.jpg,http://lca.anglia.ac.uk/,"ARU London offers an exciting portfolio of undergraduate and postgraduate degree programmes in business and finance.  Choose to specialise in international business, accounting, marketing, law or HRM. Also on offer are full-time and part-time ACCA (Association of Chartered Certified Accountants) courses.
Study for degrees in hospitality and healthcare disciplines with guaranteed work placements within the industry, linking academic learning with the reality of the industry workplace.
ARU London's ethos is simple: to provide highly competitively priced, top quality business education geared to the contemporary student’s need for flexibility as well as the employer’s need for direct relevance.
ARU London is part of Anglia Ruskin University.","London, England",https://siuk-europe.s3.amazonaws.com/static/original_images/aru-london-logo-230.jpg,https://www.youtube.com/watch?v=jiYjHbLv8Vc,179e500e-59e0-4512-a6c9-eec6587f087c,dcb06742-bc90-4a2c-bff6-7f0a31a422e6,ffe3e910-bf44-4ba0-a578-20be1e26bac5,b9667f75-6c8d-4750-8dbe-3a298b99af78
Singapore,Central Region,Singapore,Demo University Singapore 22,13,PERCENTAGE,https://siuk-europe.s3.amazonaws.com/static/original_images/aru-london-logo-230.jpg,http://lca.anglia.ac.uk/,"ARU London offers an exciting portfolio of undergraduate and postgraduate degree programmes in business and finance.  Choose to specialise in international business, accounting, marketing, law or HRM. Also on offer are full-time and part-time ACCA (Association of Chartered Certified Accountants) courses.
Study for degrees in hospitality and healthcare disciplines with guaranteed work placements within the industry, linking academic learning with the reality of the industry workplace.
ARU London's ethos is simple: to provide highly competitively priced, top quality business education geared to the contemporary student’s need for flexibility as well as the employer’s need for direct relevance.
ARU London is part of Anglia Ruskin University.","London, England",https://siuk-europe.s3.amazonaws.com/static/original_images/aru-london-logo-230.jpg,https://www.youtube.com/watch?v=jiYjHbLv8Vc,6e7e293e-047f-4cd4-bef3-5303d11c3a05,e3bf1dd8-8538-4c30-9ec2-2107f4e3bec6,5431e634-0bbe-475e-87c3-c59f93d1bfd6,20c1189b-97ba-4533-97b6-859c468d068d
Japan,Tokyo,Tokyo,Demo University Tokyo 23,16,PERCENTAGE,https://siuk-europe.s3.amazonaws.com/static/original_images/aru-london-logo-230.jpg,http://lca.anglia.ac.uk/,"ARU London offers an exciting portfolio of undergraduate and postgraduate degree programmes in business and finance.  Choose to specialise in international business, accounting, marketing, law or HRM. Also on offer are full-time and part-time ACCA (Association of Chartered Certified Accountants) courses.
Study for degrees in hospitality and healthcare disciplines with guaranteed work placements within the industry, linking academic learning with the reality of the industry workplace.
ARU London's ethos is simple: to provide highly competitively priced, top quality business education geared to the contemporary student’s need for flexibility as well as the employer’s need for direct relevance.
ARU London is part of Anglia Ruskin University.","London, England",https://siuk-europe.s3.amazonaws.com/static/original_images/aru-london-logo-230.jpg,https://www.youtube.com/watch?v=jiYjHbLv8Vc,66a72cb5-981d-40b0-83e8-f102bc4c72f4,1878de18-1aff-4181-abb9-2a5c3fec4a23,81af2301-8de1-417b-afdb-307e6592e2c2,dfb358b2-7866-40c2-9d87-02cc4a4e707a
New Zealand,Auckland,Auckland,Demo University Auckland 24,12,PERCENTAGE,https://siuk-europe.s3.amazonaws.com/static/original_images/aru-london-logo-230.jpg,http://lca.anglia.ac.uk/,"ARU London offers an exciting portfolio of undergraduate and postgraduate degree programmes in business and finance.  Choose to specialise in international business, accounting, marketing, law or HRM. Also on offer are full-time and part-time ACCA (Association of Chartered Certified Accountants) courses.
Study for degrees in hospitality and healthcare disciplines with guaranteed work placements within the industry, linking academic learning with the reality of the industry workplace.
ARU London's ethos is simple: to provide highly competitively priced, top quality business education geared to the contemporary student’s need for flexibility as well as the employer’s need for direct relevance.
ARU London is part of Anglia Ruskin University.","London, England",https://siuk-europe.s3.amazonaws.com/static/original_images/aru-london-logo-230.jpg,https://www.youtube.com/watch?v=jiYjHbLv8Vc,0d89eb5b-d6ae-4aa4-aab3-380286294dea,3067d2db-f805-4159-862b-87429ecfc5b0,f93c6f82-edd1-498e-b5d9-68e09248e77f,1b57b7b9-b6e2-4c5a-84a6-a7d0cff13b2b
United Kingdom,England,London,Demo University London 25,14,PERCENTAGE,https://siuk-europe.s3.amazonaws.com/static/original_images/aru-london-logo-230.jpg,http://lca.anglia.ac.uk/,"ARU London offers an exciting portfolio of undergraduate and postgraduate degree programmes in business and finance.  Choose to specialise in international business, accounting, marketing, law or HRM. Also on offer are full-time and part-time ACCA (Association of Chartered Certified Accountants) courses.
Study for degrees in hospitality and healthcare disciplines with guaranteed work placements within the industry, linking academic learning with the reality of the industry workplace.
ARU London's ethos is simple: to provide highly competitively priced, top quality business education geared to the contemporary student’s need for flexibility as well as the employer’s need for direct relevance.
ARU London is part of Anglia Ruskin University.","London, England",https://siuk-europe.s3.amazonaws.com/static/original_images/aru-london-logo-230.jpg,https://www.youtube.com/watch?v=jiYjHbLv8Vc,115a6f7c-88ab-4877-8c69-7fdfc183df15,b4ce7576-844b-490d-9238-51a6064cd021,38912944-f04f-4479-aec5-14ebb342a652,6a896542-bd8b-4d4c-84ea-c4ef3585d575
United Kingdom,England,Manchester,Demo University Manchester 26,2954,AMOUNT,https://siuk-europe.s3.amazonaws.com/static/original_images/aru-london-logo-230.jpg,http://lca.anglia.ac.uk/,"ARU London offers an exciting portfolio of undergraduate and postgraduate degree programmes in business and finance.  Choose to specialise in international business, accounting, marketing, law or HRM. Also on offer are full-time and part-time ACCA (Association of Chartered Certified Accountants) courses.
Study for degrees in hospitality and healthcare disciplines with guaranteed work placements within the industry, linking academic learning with the reality of the industry workplace.
ARU London's ethos is simple: to provide highly competitively priced, top quality business education geared to the contemporary student’s need for flexibility as well as the employer’s need for direct relevance.
ARU London is part of Anglia Ruskin University.","London, England",https://siuk-europe.s3.amazonaws.com/static/original_images/aru-london-logo-230.jpg,https://www.youtube.com/watch?v=jiYjHbLv8Vc,115a6f7c-88ab-4877-8c69-7fdfc183df15,b4ce7576-844b-490d-9238-51a6064cd021,f1560257-ef1a-4761-bc9a-709ab0562727,f4ba2d94-2474-4bd5-9946-5f567a329a10
United Kingdom,Scotland,Edinburgh,Demo University Edinburgh 27,1616,AMOUNT,https://siuk-europe.s3.amazonaws.com/static/original_images/aru-london-logo-230.jpg,http://lca.anglia.ac.uk/,"ARU London offers an exciting portfolio of undergraduate and postgraduate degree programmes in business and finance.  Choose to specialise in international business, accounting, marketing, law or HRM. Also on offer are full-time and part-time ACCA (Association of Chartered Certified Accountants) courses.
Study for degrees in hospitality and healthcare disciplines with guaranteed work placements within the industry, linking academic learning with the reality of the industry workplace.
ARU London's ethos is simple: to provide highly competitively priced, top quality business education geared to the contemporary student’s need for flexibility as well as the employer’s need for direct relevance.
ARU London is part of Anglia Ruskin University.","London, England",https://siuk-europe.s3.amazonaws.com/static/original_images/aru-london-logo-230.jpg,https://www.youtube.com/watch?v=jiYjHbLv8Vc,115a6f7c-88ab-4877-8c69-7fdfc183df15,481c5e56-2192-45a0-a2d0-2f2f6f267780,028884c6-4349-45a9-92a7-d156b33a3b44,de32fa6b-3a3e-449d-8292-69adc184bda7
United Kingdom,Wales,Cardiff,Demo University Cardiff 28,13,PERCENTAGE,https://siuk-europe.s3.amazonaws.com/static/original_images/aru-london-logo-230.jpg,http://lca.anglia.ac.uk/,"ARU London offers an exciting portfolio of undergraduate and postgraduate degree programmes in business and finance.  Choose to specialise in international business, accounting, marketing, law or HRM. Also on offer are full-time and part-time ACCA (Association of Chartered Certified Accountants) courses.
Study for degrees in hospitality and healthcare disciplines with guaranteed work placements within the industry, linking academic learning with the reality of the industry workplace.
ARU London's ethos is simple: to provide highly competitively priced, top quality business education geared to the contemporary student’s need for flexibility as well as the employer’s need for direct relevance.
ARU London is part of Anglia Ruskin University.","London, England",https://siuk-europe.s3.amazonaws.com/static/original_images/aru-london-logo-230.jpg,https://www.youtube.com/watch?v=jiYjHbLv8Vc,115a6f7c-88ab-4877-8c69-7fdfc183df15,50e8438b-bf3c-49d5-8ef0-37084cdde275,1f8d7f23-0b5b-4150-8602-1ca5fedf9d0b,5658167c-6998-4098-953a-bca1e664fd1e
Canada,Ontario,Toronto,Demo University Toronto 29,19,PERCENTAGE,https://siuk-europe.s3.amazonaws.com/static/original_images/aru-london-logo-230.jpg,http://lca.anglia.ac.uk/,"ARU London offers an exciting portfolio of undergraduate and postgraduate degree programmes in business and finance.  Choose to specialise in international business, accounting, marketing, law or HRM. Also on offer are full-time and part-time ACCA (Association of Chartered Certified Accountants) courses.
Study for degrees in hospitality and healthcare disciplines with guaranteed work placements within the industry, linking academic learning with the reality of the industry workplace.
ARU London's ethos is simple: to provide highly competitively priced, top quality business education geared to the contemporary student’s need for flexibility as well as the employer’s need for direct relevance.
ARU London is part of Anglia Ruskin University.","London, England",https://siuk-europe.s3.amazonaws.com/static/original_images/aru-london-logo-230.jpg,https://www.youtube.com/watch?v=jiYjHbLv8Vc,5c6a58c4-6ac2-49d4-a2a8-8c066f904c9b,4d3d0bc3-9f63-40f9-9c0c-355cd79e1da8,0d837c32-eb6e-4914-a92c-ef53feb5d431,26e312e2-85f0-44cc-a620-24022b3cd4d8
Canada,Ontario,Ottawa,Demo University Ottawa 30,18,PERCENTAGE,https://siuk-europe.s3.amazonaws.com/static/original_images/aru-london-logo-230.jpg,http://lca.anglia.ac.uk/,"ARU London offers an exciting portfolio of undergraduate and postgraduate degree programmes in business and finance.  Choose to specialise in international business, accounting, marketing, law or HRM. Also on offer are full-time and part-time ACCA (Association of Chartered Certified Accountants) courses.
Study for degrees in hospitality and healthcare disciplines with guaranteed work placements within the industry, linking academic learning with the reality of the industry workplace.
ARU London's ethos is simple: to provide highly competitively priced, top quality business education geared to the contemporary student’s need for flexibility as well as the employer’s need for direct relevance.
ARU London is part of Anglia Ruskin University.","London, England",https://siuk-europe.s3.amazonaws.com/static/original_images/aru-london-logo-230.jpg,https://www.youtube.com/watch?v=jiYjHbLv8Vc,5c6a58c4-6ac2-49d4-a2a8-8c066f904c9b,4d3d0bc3-9f63-40f9-9c0c-355cd79e1da8,21ab7067-5830-4dde-989c-4483338c1e8e,44f5d999-24e2-49f2-b54c-5a6ab8a8d815
Canada,British Columbia,Vancouver,Demo University Vancouver 31,19,PERCENTAGE,https://siuk-europe.s3.amazonaws.com/static/original_images/aru-london-logo-230.jpg,http://lca.anglia.ac.uk/,"ARU London offers an exciting portfolio of undergraduate and postgraduate degree programmes in business and finance.  Choose to specialise in international business, accounting, marketing, law or HRM. Also on offer are full-time and part-time ACCA (Association of Chartered Certified Accountants) courses.
Study for degrees in hospitality and healthcare disciplines with guaranteed work placements within the industry, linking academic learning with the reality of the industry workplace.
ARU London's ethos is simple: to provide highly competitively priced, top quality business education geared to the contemporary student’s need for flexibility as well as the employer’s need for direct relevance.
ARU London is part of Anglia Ruskin University.","London, England",https://siuk-europe.s3.amazonaws.com/static/original_images/aru-london-logo-230.jpg,https://www.youtube.com/watch?v=jiYjHbLv8Vc,5c6a58c4-6ac2-49d4-a2a8-8c066f904c9b,2c04fa0e-776d-4f97-ad77-33de3d22d8ac,61836664-0699-4031-85f1-8568912c470b,ae2f4439-4e68-475d-81e7-5020bdd04c6b
Canada,Quebec,Montreal,Demo University Montreal 32,11,PERCENTAGE,https://siuk-europe.s3.amazonaws.com/static/original_images/aru-london-logo-230.jpg,http://lca.anglia.ac.uk/,"ARU London offers an exciting portfolio of undergraduate and postgraduate degree programmes in business and finance.  Choose to specialise in international business, accounting, marketing, law or HRM. Also on offer are full-time and part-time ACCA (Association of Chartered Certified Accountants) courses.
Study for degrees in hospitality and healthcare disciplines with guaranteed work placements within the industry, linking academic learning with the reality of the industry workplace.
ARU London's ethos is simple: to provide highly competitively priced, top quality business education geared to the contemporary student’s need for flexibility as well as the employer’s need for direct relevance.
ARU London is part of Anglia Ruskin University.","London, England",https://siuk-europe.s3.amazonaws.com/static/original_images/aru-london-logo-230.jpg,https://www.youtube.com/watch?v=jiYjHbLv8Vc,5c6a58c4-6ac2-49d4-a2a8-8c066f904c9b,b959201d-5fae-4223-ad0e-fc930d1225f0,c7744792-2e95-49ac-9d35-a9b92e0e45f5,9664fec9-ea67-4469-b74a-2a8a16e7948a
Australia,New South Wales,Sydney,Demo University Sydney 33,11,PERCENTAGE,https://siuk-europe.s3.amazonaws.com/static/original_images/aru-london-logo-230.jpg,http://lca.anglia.ac.uk/,"ARU London offers an exciting portfolio of undergraduate and postgraduate degree programmes in business and finance.  Choose to specialise in international business, accounting, marketing, law or HRM. Also on offer are full-time and part-time ACCA (Association of Chartered Certified Accountants) courses.
Study for degrees in hospitality and healthcare disciplines with guaranteed work placements within the industry, linking academic learning with the reality of the industry workplace.
ARU London's ethos is simple: to provide highly competitively priced, top quality business education geared to the contemporary student’s need for flexibility as well as the employer’s need for direct relevance.
ARU London is part of Anglia Ruskin University.","London, England",https://siuk-europe.s3.amazonaws.com/static/original_images/aru-london-logo-230.jpg,https://www.youtube.com/watch?v=jiYjHbLv8Vc,afe722a0-08f1-4b88-ae83-ac26a9c7de7c,6d9e4ed8-25b1-4225-b5ff-cc68c77f8cd4,0189027f-a9f1-49a4-b144-23cf56a8f775,3c398043-deac-4cca-96de-aed515c81546
Australia,Victoria,Melbourne,Demo University Melbourne 34,24,PERCENTAGE,https://siuk-europe.s3.amazonaws.com/static/original_images/aru-london-logo-230.jpg,http://lca.anglia.ac.uk/,"ARU London offers an exciting portfolio of undergraduate and postgraduate degree programmes in business and finance.  Choose to specialise in international business, accounting, marketing, law or HRM. Also on offer are full-time and part-time ACCA (Association of Chartered Certified Accountants) courses.
Study for degrees in hospitality and healthcare disciplines with guaranteed work placements within the industry, linking academic learning with the reality of the industry workplace.
ARU London's ethos is simple: to provide highly competitively priced, top quality business education geared to the contemporary student’s need for flexibility as well as the employer’s need for direct relevance.
ARU London is part of Anglia Ruskin University.","London, England",https://siuk-europe.s3.amazonaws.com/static/original_images/aru-london-logo-230.jpg,https://www.youtube.com/watch?v=jiYjHbLv8Vc,afe722a0-08f1-4b88-ae83-ac26a9c7de7c,de4f1024-23ee-4382-8da0-db2c671eeccd,f811bd59-4117-49ee-ad6a-280d6a504f2a,17ca11e8-afd6-4094-8160-d3f93864ea3c
Australia,Queensland,Brisbane,Demo University Brisbane 35,22,PERCENTAGE,https://siuk-europe.s3.amazonaws.com/static/original_images/aru-london-logo-230.jpg,http://lca.anglia.ac.uk/,"ARU London offers an exciting portfolio of undergraduate and postgraduate degree programmes in business and finance.  Choose to specialise in international business, accounting, marketing, law or HRM. Also on offer are full-time and part-time ACCA (Association of Chartered Certified Accountants) courses.
Study for degrees in hospitality and healthcare disciplines with guaranteed work placements within the industry, linking academic learning with the reality of the industry workplace.
ARU London's ethos is simple: to provide highly competitively priced, top quality business education geared to the contemporary student’s need for flexibility as well as the employer’s need for direct relevance.
ARU London is part of Anglia Ruskin University.","London, England",https://siuk-europe.s3.amazonaws.com/static/original_images/aru-london-logo-230.jpg,https://www.youtube.com/watch?v=jiYjHbLv8Vc,afe722a0-08f1-4b88-ae83-ac26a9c7de7c,4710fdd5-df02-4058-8125-a30d416af834,7e6d1271-94ea-4444-9ecf-395b51e82de7,1eb95fe0-15da-494e-852c-9f18e36cb685
United States,California,Los Angeles,Demo University Los Angeles 36,16,PERCENTAGE,https://siuk-europe.s3.amazonaws.com/static/original_images/aru-london-logo-230.jpg,http://lca.anglia.ac.uk/,"ARU London offers an exciting portfolio of undergraduate and postgraduate degree programmes in business and finance.  Choose to specialise in international business, accounting, marketing, law or HRM. Also on offer are full-time and part-time ACCA (Association of Chartered Certified Accountants) courses.
Study for degrees in hospitality and healthcare disciplines with guaranteed work placements within the industry, linking academic learning with the reality of the industry workplace.
ARU London's ethos is simple: to provide highly competitively priced, top quality business education geared to the contemporary student’s need for flexibility as well as the employer’s need for direct relevance.
ARU London is part of Anglia Ruskin University.","London, England",https://siuk-europe.s3.amazonaws.com/static/original_images/aru-london-logo-230.jpg,https://www.youtube.com/watch?v=jiYjHbLv8Vc,9b14be43-9969-4559-afc7-cb84c513dc96,28ff8462-def5-4519-8044-106a10a9bfea,21b13422-7981-406c-a6a5-62011a3b36ce,f247e8bf-750c-4edb-aaf6-940b4099af85
United States,California,San Francisco,Demo University San Francisco 37,1103,AMOUNT,https://siuk-europe.s3.amazonaws.com/static/original_images/aru-london-logo-230.jpg,http://lca.anglia.ac.uk/,"ARU London offers an exciting portfolio of undergraduate and postgraduate degree programmes in business and finance.  Choose to specialise in international business, accounting, marketing, law or HRM. Also on offer are full-time and part-time ACCA (Association of Chartered Certified Accountants) courses.
Study for degrees in hospitality and healthcare disciplines with guaranteed work placements within the industry, linking academic learning with the reality of the industry workplace.
ARU London's ethos is simple: to provide highly competitively priced, top quality business education geared to the contemporary student’s need for flexibility as well as the employer’s need for direct relevance.
ARU London is part of Anglia Ruskin University.","London, England",https://siuk-europe.s3.amazonaws.com/static/original_images/aru-london-logo-230.jpg,https://www.youtube.com/watch?v=jiYjHbLv8Vc,9b14be43-9969-4559-afc7-cb84c513dc96,28ff8462-def5-4519-8044-106a10a9bfea,ceba3779-1eee-4d7c-842d-a03c4585cf09,63d101cc-289e-4a67-adb2-6250856d5ec7
United States,New York,New York City,Demo University New York City 38,2422,AMOUNT,https://siuk-europe.s3.amazonaws.com/static/original_images/aru-london-logo-230.jpg,http://lca.anglia.ac.uk/,"ARU London offers an exciting portfolio of undergraduate and postgraduate degree programmes in business and finance.  Choose to specialise in international business, accounting, marketing, law or HRM. Also on offer are full-time and part-time ACCA (Association of Chartered Certified Accountants) courses.
Study for degrees in hospitality and healthcare disciplines with guaranteed work placements within the industry, linking academic learning with the reality of the industry workplace.
ARU London's ethos is simple: to provide highly competitively priced, top quality business education geared to the contemporary student’s need for flexibility as well as the employer’s need for direct relevance.
ARU London is part of Anglia Ruskin University.","London, England",https://siuk-europe.s3.amazonaws.com/static/original_images/aru-london-logo-230.jpg,https://www.youtube.com/watch?v=jiYjHbLv8Vc,9b14be43-9969-4559-afc7-cb84c513dc96,8d7063e7-4b1f-490c-970e-c3dc6cf5a8aa,80f5b7e5-0a97-4c10-a4de-55bfcbd465cd,dab13fb1-dfc4-4d15-84bc-4162146b37c1
United States,Texas,Houston,Demo University Houston 39,24,PERCENTAGE,https://siuk-europe.s3.amazonaws.com/static/original_images/aru-london-logo-230.jpg,http://lca.anglia.ac.uk/,"ARU London offers an exciting portfolio of undergraduate and postgraduate degree programmes in business and finance.  Choose to specialise in international business, accounting, marketing, law or HRM. Also on offer are full-time and part-time ACCA (Association of Chartered Certified Accountants) courses.
Study for degrees in hospitality and healthcare disciplines with guaranteed work placements within the industry, linking academic learning with the reality of the industry workplace.
ARU London's ethos is simple: to provide highly competitively priced, top quality business education geared to the contemporary student’s need for flexibility as well as the employer’s need for direct relevance.
ARU London is part of Anglia Ruskin University.","London, England",https://siuk-europe.s3.amazonaws.com/static/original_images/aru-london-logo-230.jpg,https://www.youtube.com/watch?v=jiYjHbLv8Vc,9b14be43-9969-4559-afc7-cb84c513dc96,2c01c4bf-0c8a-4eec-9345-2b050aa8f023,4e921276-f72d-4c65-b6d6-2a6caa5d96a5,4a0f174c-1ca5-4190-873b-59dd2c1e8fee
United States,Illinois,Chicago,Demo University Chicago 40,15,PERCENTAGE,https://siuk-europe.s3.amazonaws.com/static/original_images/aru-london-logo-230.jpg,http://lca.anglia.ac.uk/,"ARU London offers an exciting portfolio of undergraduate and postgraduate degree programmes in business and finance.  Choose to specialise in international business, accounting, marketing, law or HRM. Also on offer are full-time and part-time ACCA (Association of Chartered Certified Accountants) courses.
Study for degrees in hospitality and healthcare disciplines with guaranteed work placements within the industry, linking academic learning with the reality of the industry workplace.
ARU London's ethos is simple: to provide highly competitively priced, top quality business education geared to the contemporary student’s need for flexibility as well as the employer’s need for direct relevance.
ARU London is part of Anglia Ruskin University.","London, England",https://siuk-europe.s3.amazonaws.com/static/original_images/aru-london-logo-230.jpg,https://www.youtube.com/watch?v=jiYjHbLv8Vc,9b14be43-9969-4559-afc7-cb84c513dc96,e99648ca-923e-4740-bedc-8256366acbfa,9d0a610d-d474-4ef5-a342-68bdc1ba4d7b,b3d68f1f-0dc2-47ea-99c3-825f3ba2bf62
Germany,Bavaria,Munich,Demo University Munich 41,19,PERCENTAGE,https://siuk-europe.s3.amazonaws.com/static/original_images/aru-london-logo-230.jpg,http://lca.anglia.ac.uk/,"ARU London offers an exciting portfolio of undergraduate and postgraduate degree programmes in business and finance.  Choose to specialise in international business, accounting, marketing, law or HRM. Also on offer are full-time and part-time ACCA (Association of Chartered Certified Accountants) courses.
Study for degrees in hospitality and healthcare disciplines with guaranteed work placements within the industry, linking academic learning with the reality of the industry workplace.
ARU London's ethos is simple: to provide highly competitively priced, top quality business education geared to the contemporary student’s need for flexibility as well as the employer’s need for direct relevance.
ARU London is part of Anglia Ruskin University.","London, England",https://siuk-europe.s3.amazonaws.com/static/original_images/aru-london-logo-230.jpg,https://www.youtube.com/watch?v=jiYjHbLv8Vc,bfc8ae69-196e-4965-a458-dbcfabb62f74,97c56c14-4271-457d-aa65-7b4833b9b7c0,6eff069a-2ce5-40bc-8dd2-e617a9fa0086,924a969e-0ce9-4400-b5d3-1cb298d1c5f4
Germany,Berlin,Berlin,Demo University Berlin 42,10,PERCENTAGE,https://siuk-europe.s3.amazonaws.com/static/original_images/aru-london-logo-230.jpg,http://lca.anglia.ac.uk/,"ARU London offers an exciting portfolio of undergraduate and postgraduate degree programmes in business and finance.  Choose to specialise in international business, accounting, marketing, law or HRM. Also on offer are full-time and part-time ACCA (Association of Chartered Certified Accountants) courses.
Study for degrees in hospitality and healthcare disciplines with guaranteed work placements within the industry, linking academic learning with the reality of the industry workplace.
ARU London's ethos is simple: to provide highly competitively priced, top quality business education geared to the contemporary student’s need for flexibility as well as the employer’s need for direct relevance.
ARU London is part of Anglia Ruskin University.","London, England",https://siuk-europe.s3.amazonaws.com/static/original_images/aru-london-logo-230.jpg,https://www.youtube.com/watch?v=jiYjHbLv8Vc,bfc8ae69-196e-4965-a458-dbcfabb62f74,d9144217-ee86-4064-975c-0ea8b0c981db,87ea18c8-d650-4ebd-9c01-5f3a4f7b71f9,9b3d83dd-57f7-43d5-90e7-f81f1d2edb22
France,Île-de-France,Paris,Demo University Paris 43,16,PERCENTAGE,https://siuk-europe.s3.amazonaws.com/static/original_images/aru-london-logo-230.jpg,http://lca.anglia.ac.uk/,"ARU London offers an exciting portfolio of undergraduate and postgraduate degree programmes in business and finance.  Choose to specialise in international business, accounting, marketing, law or HRM. Also on offer are full-time and part-time ACCA (Association of Chartered Certified Accountants) courses.
Study for degrees in hospitality and healthcare disciplines with guaranteed work placements within the industry, linking academic learning with the reality of the industry workplace.
ARU London's ethos is simple: to provide highly competitively priced, top quality business education geared to the contemporary student’s need for flexibility as well as the employer’s need for direct relevance.
ARU London is part of Anglia Ruskin University.","London, England",https://siuk-europe.s3.amazonaws.com/static/original_images/aru-london-logo-230.jpg,https://www.youtube.com/watch?v=jiYjHbLv8Vc,7282668b-a3f8-47e3-bc3c-10cff00c6d50,d3270a24-f223-45c4-b20b-268c64e5fffe,8f99d8a7-5521-4747-a68d-9c449ed2b46a,7431cd16-c460-47ef-af15-655524ee6175
Ireland,Leinster,Dublin,Demo University Dublin 44,12,PERCENTAGE,https://siuk-europe.s3.amazonaws.com/static/original_images/aru-london-logo-230.jpg,http://lca.anglia.ac.uk/,"ARU London offers an exciting portfolio of undergraduate and postgraduate degree programmes in business and finance.  Choose to specialise in international business, accounting, marketing, law or HRM. Also on offer are full-time and part-time ACCA (Association of Chartered Certified Accountants) courses.
Study for degrees in hospitality and healthcare disciplines with guaranteed work placements within the industry, linking academic learning with the reality of the industry workplace.
ARU London's ethos is simple: to provide highly competitively priced, top quality business education geared to the contemporary student’s need for flexibility as well as the employer’s need for direct relevance.
ARU London is part of Anglia Ruskin University.","London, England",https://siuk-europe.s3.amazonaws.com/static/original_images/aru-london-logo-230.jpg,https://www.youtube.com/watch?v=jiYjHbLv8Vc,286f6794-7216-4420-8703-bfdf6fc2a50a,8be33aeb-b692-44f4-8e72-4393b356a3c9,4bbfdd53-cd19-4ea4-a5b9-557c99b623ec,6215f934-a507-450b-84e8-d388ad411f8d
Netherlands,North Holland,Amsterdam,Demo University Amsterdam 45,17,PERCENTAGE,https://siuk-europe.s3.amazonaws.com/static/original_images/aru-london-logo-230.jpg,http://lca.anglia.ac.uk/,"ARU London offers an exciting portfolio of undergraduate and postgraduate degree programmes in business and finance.  Choose to specialise in international business, accounting, marketing, law or HRM. Also on offer are full-time and part-time ACCA (Association of Chartered Certified Accountants) courses.
Study for degrees in hospitality and healthcare disciplines with guaranteed work placements within the industry, linking academic learning with the reality of the industry workplace.
ARU London's ethos is simple: to provide highly competitively priced, top quality business education geared to the contemporary student’s need for flexibility as well as the employer’s need for direct relevance.
ARU London is part of Anglia Ruskin University.","London, England",https://siuk-europe.s3.amazonaws.com/static/original_images/aru-london-logo-230.jpg,https://www.youtube.com/watch?v=jiYjHbLv8Vc,179e500e-59e0-4512-a6c9-eec6587f087c,dcb06742-bc90-4a2c-bff6-7f0a31a422e6,ffe3e910-bf44-4ba0-a578-20be1e26bac5,734756d5-3d61-43af-a472-bbaf306a7486
Singapore,Central Region,Singapore,Demo University Singapore 46,19,PERCENTAGE,https://siuk-europe.s3.amazonaws.com/static/original_images/aru-london-logo-230.jpg,http://lca.anglia.ac.uk/,"ARU London offers an exciting portfolio of undergraduate and postgraduate degree programmes in business and finance.  Choose to specialise in international business, accounting, marketing, law or HRM. Also on offer are full-time and part-time ACCA (Association of Chartered Certified Accountants) courses.
Study for degrees in hospitality and healthcare disciplines with guaranteed work placements within the industry, linking academic learning with the reality of the industry workplace.
ARU London's ethos is simple: to provide highly competitively priced, top quality business education geared to the contemporary student’s need for flexibility as well as the employer’s need for direct relevance.
ARU London is part of Anglia Ruskin University.","London, England",https://siuk-europe.s3.amazonaws.com/static/original_images/aru-london-logo-230.jpg,https://www.youtube.com/watch?v=jiYjHbLv8Vc,6e7e293e-047f-4cd4-bef3-5303d11c3a05,e3bf1dd8-8538-4c30-9ec2-2107f4e3bec6,5431e634-0bbe-475e-87c3-c59f93d1bfd6,933f0a0b-47fe-4350-9501-43a0aefb19eb
Japan,Tokyo,Tokyo,Demo University Tokyo 47,16,PERCENTAGE,https://siuk-europe.s3.amazonaws.com/static/original_images/aru-london-logo-230.jpg,http://lca.anglia.ac.uk/,"ARU London offers an exciting portfolio of undergraduate and postgraduate degree programmes in business and finance.  Choose to specialise in international business, accounting, marketing, law or HRM. Also on offer are full-time and part-time ACCA (Association of Chartered Certified Accountants) courses.
Study for degrees in hospitality and healthcare disciplines with guaranteed work placements within the industry, linking academic learning with the reality of the industry workplace.
ARU London's ethos is simple: to provide highly competitively priced, top quality business education geared to the contemporary student’s need for flexibility as well as the employer’s need for direct relevance.
ARU London is part of Anglia Ruskin University.","London, England",https://siuk-europe.s3.amazonaws.com/static/original_images/aru-london-logo-230.jpg,https://www.youtube.com/watch?v=jiYjHbLv8Vc,66a72cb5-981d-40b0-83e8-f102bc4c72f4,1878de18-1aff-4181-abb9-2a5c3fec4a23,81af2301-8de1-417b-afdb-307e6592e2c2,49cab7ab-a909-4dc0-9d24-64195f27cd5f
New Zealand,Auckland,Auckland,Demo University Auckland 48,10,PERCENTAGE,https://siuk-europe.s3.amazonaws.com/static/original_images/aru-london-logo-230.jpg,http://lca.anglia.ac.uk/,"ARU London offers an exciting portfolio of undergraduate and postgraduate degree programmes in business and finance.  Choose to specialise in international business, accounting, marketing, law or HRM. Also on offer are full-time and part-time ACCA (Association of Chartered Certified Accountants) courses.
Study for degrees in hospitality and healthcare disciplines with guaranteed work placements within the industry, linking academic learning with the reality of the industry workplace.
ARU London's ethos is simple: to provide highly competitively priced, top quality business education geared to the contemporary student’s need for flexibility as well as the employer’s need for direct relevance.
ARU London is part of Anglia Ruskin University.","London, England",https://siuk-europe.s3.amazonaws.com/static/original_images/aru-london-logo-230.jpg,https://www.youtube.com/watch?v=jiYjHbLv8Vc,0d89eb5b-d6ae-4aa4-aab3-380286294dea,3067d2db-f805-4159-862b-87429ecfc5b0,f93c6f82-edd1-498e-b5d9-68e09248e77f,2a25f60a-89a7-4e89-a338-219d75b6e757
United Kingdom,England,London,Demo University London 49,18,PERCENTAGE,https://siuk-europe.s3.amazonaws.com/static/original_images/aru-london-logo-230.jpg,http://lca.anglia.ac.uk/,"ARU London offers an exciting portfolio of undergraduate and postgraduate degree programmes in business and finance.  Choose to specialise in international business, accounting, marketing, law or HRM. Also on offer are full-time and part-time ACCA (Association of Chartered Certified Accountants) courses.
Study for degrees in hospitality and healthcare disciplines with guaranteed work placements within the industry, linking academic learning with the reality of the industry workplace.
ARU London's ethos is simple: to provide highly competitively priced, top quality business education geared to the contemporary student’s need for flexibility as well as the employer’s need for direct relevance.
ARU London is part of Anglia Ruskin University.","London, England",https://siuk-europe.s3.amazonaws.com/static/original_images/aru-london-logo-230.jpg,https://www.youtube.com/watch?v=jiYjHbLv8Vc,115a6f7c-88ab-4877-8c69-7fdfc183df15,b4ce7576-844b-490d-9238-51a6064cd021,38912944-f04f-4479-aec5-14ebb342a652,f08fde1c-6ab8-495c-a676-812ad3d1df87
United Kingdom,England,Manchester,Demo University Manchester 50,24,PERCENTAGE,https://siuk-europe.s3.amazonaws.com/static/original_images/aru-london-logo-230.jpg,http://lca.anglia.ac.uk/,"ARU London offers an exciting portfolio of undergraduate and postgraduate degree programmes in business and finance.  Choose to specialise in international business, accounting, marketing, law or HRM. Also on offer are full-time and part-time ACCA (Association of Chartered Certified Accountants) courses.
Study for degrees in hospitality and healthcare disciplines with guaranteed work placements within the industry, linking academic learning with the reality of the industry workplace.
ARU London's ethos is simple: to provide highly competitively priced, top quality business education geared to the contemporary student’s need for flexibility as well as the employer’s need for direct relevance.
ARU London is part of Anglia Ruskin University.","London, England",https://siuk-europe.s3.amazonaws.com/static/original_images/aru-london-logo-230.jpg,https://www.youtube.com/watch?v=jiYjHbLv8Vc,115a6f7c-88ab-4877-8c69-7fdfc183df15,b4ce7576-844b-490d-9238-51a6064cd021,f1560257-ef1a-4761-bc9a-709ab0562727,6286e7ba-0c52-42fd-a6ae-c5bc4022fbb7
United Kingdom,Scotland,Edinburgh,Demo University Edinburgh 51,18,PERCENTAGE,https://siuk-europe.s3.amazonaws.com/static/original_images/aru-london-logo-230.jpg,http://lca.anglia.ac.uk/,"ARU London offers an exciting portfolio of undergraduate and postgraduate degree programmes in business and finance.  Choose to specialise in international business, accounting, marketing, law or HRM. Also on offer are full-time and part-time ACCA (Association of Chartered Certified Accountants) courses.
Study for degrees in hospitality and healthcare disciplines with guaranteed work placements within the industry, linking academic learning with the reality of the industry workplace.
ARU London's ethos is simple: to provide highly competitively priced, top quality business education geared to the contemporary student’s need for flexibility as well as the employer’s need for direct relevance.
ARU London is part of Anglia Ruskin University.","London, England",https://siuk-europe.s3.amazonaws.com/static/original_images/aru-london-logo-230.jpg,https://www.youtube.com/watch?v=jiYjHbLv8Vc,115a6f7c-88ab-4877-8c69-7fdfc183df15,481c5e56-2192-45a0-a2d0-2f2f6f267780,028884c6-4349-45a9-92a7-d156b33a3b44,1acdacee-42de-47ac-ab62-8e11bc26df50
United Kingdom,Wales,Cardiff,Demo University Cardiff 52,4813,AMOUNT,https://siuk-europe.s3.amazonaws.com/static/original_images/aru-london-logo-230.jpg,http://lca.anglia.ac.uk/,"ARU London offers an exciting portfolio of undergraduate and postgraduate degree programmes in business and finance.  Choose to specialise in international business, accounting, marketing, law or HRM. Also on offer are full-time and part-time ACCA (Association of Chartered Certified Accountants) courses.
Study for degrees in hospitality and healthcare disciplines with guaranteed work placements within the industry, linking academic learning with the reality of the industry workplace.
ARU London's ethos is simple: to provide highly competitively priced, top quality business education geared to the contemporary student’s need for flexibility as well as the employer’s need for direct relevance.
ARU London is part of Anglia Ruskin University.","London, England",https://siuk-europe.s3.amazonaws.com/static/original_images/aru-london-logo-230.jpg,https://www.youtube.com/watch?v=jiYjHbLv8Vc,115a6f7c-88ab-4877-8c69-7fdfc183df15,50e8438b-bf3c-49d5-8ef0-37084cdde275,1f8d7f23-0b5b-4150-8602-1ca5fedf9d0b,0368b0d2-ac46-4a55-989c-8cdf34e6fb02
Canada,Ontario,Toronto,Demo University Toronto 53,18,PERCENTAGE,https://siuk-europe.s3.amazonaws.com/static/original_images/aru-london-logo-230.jpg,http://lca.anglia.ac.uk/,"ARU London offers an exciting portfolio of undergraduate and postgraduate degree programmes in business and finance.  Choose to specialise in international business, accounting, marketing, law or HRM. Also on offer are full-time and part-time ACCA (Association of Chartered Certified Accountants) courses.
Study for degrees in hospitality and healthcare disciplines with guaranteed work placements within the industry, linking academic learning with the reality of the industry workplace.
ARU London's ethos is simple: to provide highly competitively priced, top quality business education geared to the contemporary student’s need for flexibility as well as the employer’s need for direct relevance.
ARU London is part of Anglia Ruskin University.","London, England",https://siuk-europe.s3.amazonaws.com/static/original_images/aru-london-logo-230.jpg,https://www.youtube.com/watch?v=jiYjHbLv8Vc,5c6a58c4-6ac2-49d4-a2a8-8c066f904c9b,4d3d0bc3-9f63-40f9-9c0c-355cd79e1da8,0d837c32-eb6e-4914-a92c-ef53feb5d431,e3b50226-73c1-43c4-b3d6-84440b5fb06b
Canada,Ontario,Ottawa,Demo University Ottawa 54,1383,AMOUNT,https://siuk-europe.s3.amazonaws.com/static/original_images/aru-london-logo-230.jpg,http://lca.anglia.ac.uk/,"ARU London offers an exciting portfolio of undergraduate and postgraduate degree programmes in business and finance.  Choose to specialise in international business, accounting, marketing, law or HRM. Also on offer are full-time and part-time ACCA (Association of Chartered Certified Accountants) courses.
Study for degrees in hospitality and healthcare disciplines with guaranteed work placements within the industry, linking academic learning with the reality of the industry workplace.
ARU London's ethos is simple: to provide highly competitively priced, top quality business education geared to the contemporary student’s need for flexibility as well as the employer’s need for direct relevance.
ARU London is part of Anglia Ruskin University.","London, England",https://siuk-europe.s3.amazonaws.com/static/original_images/aru-london-logo-230.jpg,https://www.youtube.com/watch?v=jiYjHbLv8Vc,5c6a58c4-6ac2-49d4-a2a8-8c066f904c9b,4d3d0bc3-9f63-40f9-9c0c-355cd79e1da8,21ab7067-5830-4dde-989c-4483338c1e8e,ce2e60f1-74e2-4420-bd85-4db88c419e59
Canada,British Columbia,Vancouver,Demo University Vancouver 55,20,PERCENTAGE,https://siuk-europe.s3.amazonaws.com/static/original_images/aru-london-logo-230.jpg,http://lca.anglia.ac.uk/,"ARU London offers an exciting portfolio of undergraduate and postgraduate degree programmes in business and finance.  Choose to specialise in international business, accounting, marketing, law or HRM. Also on offer are full-time and part-time ACCA (Association of Chartered Certified Accountants) courses.
Study for degrees in hospitality and healthcare disciplines with guaranteed work placements within the industry, linking academic learning with the reality of the industry workplace.
ARU London's ethos is simple: to provide highly competitively priced, top quality business education geared to the contemporary student’s need for flexibility as well as the employer’s need for direct relevance.
ARU London is part of Anglia Ruskin University.","London, England",https://siuk-europe.s3.amazonaws.com/static/original_images/aru-london-logo-230.jpg,https://www.youtube.com/watch?v=jiYjHbLv8Vc,5c6a58c4-6ac2-49d4-a2a8-8c066f904c9b,2c04fa0e-776d-4f97-ad77-33de3d22d8ac,61836664-0699-4031-85f1-8568912c470b,6acc71a9-66d2-4b1a-816b-23386beb07ff
Canada,Quebec,Montreal,Demo University Montreal 56,21,PERCENTAGE,https://siuk-europe.s3.amazonaws.com/static/original_images/aru-london-logo-230.jpg,http://lca.anglia.ac.uk/,"ARU London offers an exciting portfolio of undergraduate and postgraduate degree programmes in business and finance.  Choose to specialise in international business, accounting, marketing, law or HRM. Also on offer are full-time and part-time ACCA (Association of Chartered Certified Accountants) courses.
Study for degrees in hospitality and healthcare disciplines with guaranteed work placements within the industry, linking academic learning with the reality of the industry workplace.
ARU London's ethos is simple: to provide highly competitively priced, top quality business education geared to the contemporary student’s need for flexibility as well as the employer’s need for direct relevance.
ARU London is part of Anglia Ruskin University.","London, England",https://siuk-europe.s3.amazonaws.com/static/original_images/aru-london-logo-230.jpg,https://www.youtube.com/watch?v=jiYjHbLv8Vc,5c6a58c4-6ac2-49d4-a2a8-8c066f904c9b,b959201d-5fae-4223-ad0e-fc930d1225f0,c7744792-2e95-49ac-9d35-a9b92e0e45f5,e36ee891-9d79-4e33-8d68-3e62d352ed9c
Australia,New South Wales,Sydney,Demo University Sydney 57,23,PERCENTAGE,https://siuk-europe.s3.amazonaws.com/static/original_images/aru-london-logo-230.jpg,http://lca.anglia.ac.uk/,"ARU London offers an exciting portfolio of undergraduate and postgraduate degree programmes in business and finance.  Choose to specialise in international business, accounting, marketing, law or HRM. Also on offer are full-time and part-time ACCA (Association of Chartered Certified Accountants) courses.
Study for degrees in hospitality and healthcare disciplines with guaranteed work placements within the industry, linking academic learning with the reality of the industry workplace.
ARU London's ethos is simple: to provide highly competitively priced, top quality business education geared to the contemporary student’s need for flexibility as well as the employer’s need for direct relevance.
ARU London is part of Anglia Ruskin University.","London, England",https://siuk-europe.s3.amazonaws.com/static/original_images/aru-london-logo-230.jpg,https://www.youtube.com/watch?v=jiYjHbLv8Vc,afe722a0-08f1-4b88-ae83-ac26a9c7de7c,6d9e4ed8-25b1-4225-b5ff-cc68c77f8cd4,0189027f-a9f1-49a4-b144-23cf56a8f775,0bcad6d7-7e24-44de-b0a4-eb8e58a80fdb
Australia,Victoria,Melbourne,Demo University Melbourne 58,11,PERCENTAGE,https://siuk-europe.s3.amazonaws.com/static/original_images/aru-london-logo-230.jpg,http://lca.anglia.ac.uk/,"ARU London offers an exciting portfolio of undergraduate and postgraduate degree programmes in business and finance.  Choose to specialise in international business, accounting, marketing, law or HRM. Also on offer are full-time and part-time ACCA (Association of Chartered Certified Accountants) courses.
Study for degrees in hospitality and healthcare disciplines with guaranteed work placements within the industry, linking academic learning with the reality of the industry workplace.
ARU London's ethos is simple: to provide highly competitively priced, top quality business education geared to the contemporary student’s need for flexibility as well as the employer’s need for direct relevance.
ARU London is part of Anglia Ruskin University.","London, England",https://siuk-europe.s3.amazonaws.com/static/original_images/aru-london-logo-230.jpg,https://www.youtube.com/watch?v=jiYjHbLv8Vc,afe722a0-08f1-4b88-ae83-ac26a9c7de7c,de4f1024-23ee-4382-8da0-db2c671eeccd,f811bd59-4117-49ee-ad6a-280d6a504f2a,ff24f2ba-340c-41c6-aa2f-2b695b1be139
Australia,Queensland,Brisbane,Demo University Brisbane 59,11,PERCENTAGE,https://siuk-europe.s3.amazonaws.com/static/original_images/aru-london-logo-230.jpg,http://lca.anglia.ac.uk/,"ARU London offers an exciting portfolio of undergraduate and postgraduate degree programmes in business and finance.  Choose to specialise in international business, accounting, marketing, law or HRM. Also on offer are full-time and part-time ACCA (Association of Chartered Certified Accountants) courses.
Study for degrees in hospitality and healthcare disciplines with guaranteed work placements within the industry, linking academic learning with the reality of the industry workplace.
ARU London's ethos is simple: to provide highly competitively priced, top quality business education geared to the contemporary student’s need for flexibility as well as the employer’s need for direct relevance.
ARU London is part of Anglia Ruskin University.","London, England",https://siuk-europe.s3.amazonaws.com/static/original_images/aru-london-logo-230.jpg,https://www.youtube.com/watch?v=jiYjHbLv8Vc,afe722a0-08f1-4b88-ae83-ac26a9c7de7c,4710fdd5-df02-4058-8125-a30d416af834,7e6d1271-94ea-4444-9ecf-395b51e82de7,a65c8e1e-7869-48b0-b86f-d5c974435614
United States,California,Los Angeles,Demo University Los Angeles 60,15,PERCENTAGE,https://siuk-europe.s3.amazonaws.com/static/original_images/aru-london-logo-230.jpg,http://lca.anglia.ac.uk/,"ARU London offers an exciting portfolio of undergraduate and postgraduate degree programmes in business and finance.  Choose to specialise in international business, accounting, marketing, law or HRM. Also on offer are full-time and part-time ACCA (Association of Chartered Certified Accountants) courses.
Study for degrees in hospitality and healthcare disciplines with guaranteed work placements within the industry, linking academic learning with the reality of the industry workplace.
ARU London's ethos is simple: to provide highly competitively priced, top quality business education geared to the contemporary student’s need for flexibility as well as the employer’s need for direct relevance.
ARU London is part of Anglia Ruskin University.","London, England",https://siuk-europe.s3.amazonaws.com/static/original_images/aru-london-logo-230.jpg,https://www.youtube.com/watch?v=jiYjHbLv8Vc,9b14be43-9969-4559-afc7-cb84c513dc96,28ff8462-def5-4519-8044-106a10a9bfea,21b13422-7981-406c-a6a5-62011a3b36ce,848c3354-682c-4937-8f6f-74597cafe28c
United States,California,San Francisco,Demo University San Francisco 61,17,PERCENTAGE,https://siuk-europe.s3.amazonaws.com/static/original_images/aru-london-logo-230.jpg,http://lca.anglia.ac.uk/,"ARU London offers an exciting portfolio of undergraduate and postgraduate degree programmes in business and finance.  Choose to specialise in international business, accounting, marketing, law or HRM. Also on offer are full-time and part-time ACCA (Association of Chartered Certified Accountants) courses.
Study for degrees in hospitality and healthcare disciplines with guaranteed work placements within the industry, linking academic learning with the reality of the industry workplace.
ARU London's ethos is simple: to provide highly competitively priced, top quality business education geared to the contemporary student’s need for flexibility as well as the employer’s need for direct relevance.
ARU London is part of Anglia Ruskin University.","London, England",https://siuk-europe.s3.amazonaws.com/static/original_images/aru-london-logo-230.jpg,https://www.youtube.com/watch?v=jiYjHbLv8Vc,9b14be43-9969-4559-afc7-cb84c513dc96,28ff8462-def5-4519-8044-106a10a9bfea,ceba3779-1eee-4d7c-842d-a03c4585cf09,3ae807c9-a8c4-49f7-a4d3-24aad250ded3
United States,New York,New York City,Demo University New York City 62,1363,AMOUNT,https://siuk-europe.s3.amazonaws.com/static/original_images/aru-london-logo-230.jpg,http://lca.anglia.ac.uk/,"ARU London offers an exciting portfolio of undergraduate and postgraduate degree programmes in business and finance.  Choose to specialise in international business, accounting, marketing, law or HRM. Also on offer are full-time and part-time ACCA (Association of Chartered Certified Accountants) courses.
Study for degrees in hospitality and healthcare disciplines with guaranteed work placements within the industry, linking academic learning with the reality of the industry workplace.
ARU London's ethos is simple: to provide highly competitively priced, top quality business education geared to the contemporary student’s need for flexibility as well as the employer’s need for direct relevance.
ARU London is part of Anglia Ruskin University.","London, England",https://siuk-europe.s3.amazonaws.com/static/original_images/aru-london-logo-230.jpg,https://www.youtube.com/watch?v=jiYjHbLv8Vc,9b14be43-9969-4559-afc7-cb84c513dc96,8d7063e7-4b1f-490c-970e-c3dc6cf5a8aa,80f5b7e5-0a97-4c10-a4de-55bfcbd465cd,adb1e601-6d8d-4973-af47-010c1b9ecb6c
United States,Texas,Houston,Demo University Houston 63,16,PERCENTAGE,https://siuk-europe.s3.amazonaws.com/static/original_images/aru-london-logo-230.jpg,http://lca.anglia.ac.uk/,"ARU London offers an exciting portfolio of undergraduate and postgraduate degree programmes in business and finance.  Choose to specialise in international business, accounting, marketing, law or HRM. Also on offer are full-time and part-time ACCA (Association of Chartered Certified Accountants) courses.
Study for degrees in hospitality and healthcare disciplines with guaranteed work placements within the industry, linking academic learning with the reality of the industry workplace.
ARU London's ethos is simple: to provide highly competitively priced, top quality business education geared to the contemporary student’s need for flexibility as well as the employer’s need for direct relevance.
ARU London is part of Anglia Ruskin University.","London, England",https://siuk-europe.s3.amazonaws.com/static/original_images/aru-london-logo-230.jpg,https://www.youtube.com/watch?v=jiYjHbLv8Vc,9b14be43-9969-4559-afc7-cb84c513dc96,2c01c4bf-0c8a-4eec-9345-2b050aa8f023,4e921276-f72d-4c65-b6d6-2a6caa5d96a5,9d64dd2e-1395-4ae7-813f-d1b8f1f4dc87
United States,Illinois,Chicago,Demo University Chicago 64,10,PERCENTAGE,https://siuk-europe.s3.amazonaws.com/static/original_images/aru-london-logo-230.jpg,http://lca.anglia.ac.uk/,"ARU London offers an exciting portfolio of undergraduate and postgraduate degree programmes in business and finance.  Choose to specialise in international business, accounting, marketing, law or HRM. Also on offer are full-time and part-time ACCA (Association of Chartered Certified Accountants) courses.
Study for degrees in hospitality and healthcare disciplines with guaranteed work placements within the industry, linking academic learning with the reality of the industry workplace.
ARU London's ethos is simple: to provide highly competitively priced, top quality business education geared to the contemporary student’s need for flexibility as well as the employer’s need for direct relevance.
ARU London is part of Anglia Ruskin University.","London, England",https://siuk-europe.s3.amazonaws.com/static/original_images/aru-london-logo-230.jpg,https://www.youtube.com/watch?v=jiYjHbLv8Vc,9b14be43-9969-4559-afc7-cb84c513dc96,e99648ca-923e-4740-bedc-8256366acbfa,9d0a610d-d474-4ef5-a342-68bdc1ba4d7b,31ad266d-1edf-4c94-b10b-f2b38a29729f
Germany,Bavaria,Munich,Demo University Munich 65,24,PERCENTAGE,https://siuk-europe.s3.amazonaws.com/static/original_images/aru-london-logo-230.jpg,http://lca.anglia.ac.uk/,"ARU London offers an exciting portfolio of undergraduate and postgraduate degree programmes in business and finance.  Choose to specialise in international business, accounting, marketing, law or HRM. Also on offer are full-time and part-time ACCA (Association of Chartered Certified Accountants) courses.
Study for degrees in hospitality and healthcare disciplines with guaranteed work placements within the industry, linking academic learning with the reality of the industry workplace.
ARU London's ethos is simple: to provide highly competitively priced, top quality business education geared to the contemporary student’s need for flexibility as well as the employer’s need for direct relevance.
ARU London is part of Anglia Ruskin University.","London, England",https://siuk-europe.s3.amazonaws.com/static/original_images/aru-london-logo-230.jpg,https://www.youtube.com/watch?v=jiYjHbLv8Vc,bfc8ae69-196e-4965-a458-dbcfabb62f74,97c56c14-4271-457d-aa65-7b4833b9b7c0,6eff069a-2ce5-40bc-8dd2-e617a9fa0086,a9b53add-1e8c-4468-aad9-8812bfc72668
Germany,Berlin,Berlin,Demo University Berlin 66,19,PERCENTAGE,https://siuk-europe.s3.amazonaws.com/static/original_images/aru-london-logo-230.jpg,http://lca.anglia.ac.uk/,"ARU London offers an exciting portfolio of undergraduate and postgraduate degree programmes in business and finance.  Choose to specialise in international business, accounting, marketing, law or HRM. Also on offer are full-time and part-time ACCA (Association of Chartered Certified Accountants) courses.
Study for degrees in hospitality and healthcare disciplines with guaranteed work placements within the industry, linking academic learning with the reality of the industry workplace.
ARU London's ethos is simple: to provide highly competitively priced, top quality business education geared to the contemporary student’s need for flexibility as well as the employer’s need for direct relevance.
ARU London is part of Anglia Ruskin University.","London, England",https://siuk-europe.s3.amazonaws.com/static/original_images/aru-london-logo-230.jpg,https://www.youtube.com/watch?v=jiYjHbLv8Vc,bfc8ae69-196e-4965-a458-dbcfabb62f74,d9144217-ee86-4064-975c-0ea8b0c981db,87ea18c8-d650-4ebd-9c01-5f3a4f7b71f9,590f1dbc-9c67-41ff-8181-f9f77a92e5ad
France,Île-de-France,Paris,Demo University Paris 67,16,PERCENTAGE,https://siuk-europe.s3.amazonaws.com/static/original_images/aru-london-logo-230.jpg,http://lca.anglia.ac.uk/,"ARU London offers an exciting portfolio of undergraduate and postgraduate degree programmes in business and finance.  Choose to specialise in international business, accounting, marketing, law or HRM. Also on offer are full-time and part-time ACCA (Association of Chartered Certified Accountants) courses.
Study for degrees in hospitality and healthcare disciplines with guaranteed work placements within the industry, linking academic learning with the reality of the industry workplace.
ARU London's ethos is simple: to provide highly competitively priced, top quality business education geared to the contemporary student’s need for flexibility as well as the employer’s need for direct relevance.
ARU London is part of Anglia Ruskin University.","London, England",https://siuk-europe.s3.amazonaws.com/static/original_images/aru-london-logo-230.jpg,https://www.youtube.com/watch?v=jiYjHbLv8Vc,7282668b-a3f8-47e3-bc3c-10cff00c6d50,d3270a24-f223-45c4-b20b-268c64e5fffe,8f99d8a7-5521-4747-a68d-9c449ed2b46a,54eaf3e6-2726-450a-9ecd-23148b5d4fde
Ireland,Leinster,Dublin,Demo University Dublin 68,13,PERCENTAGE,https://siuk-europe.s3.amazonaws.com/static/original_images/aru-london-logo-230.jpg,http://lca.anglia.ac.uk/,"ARU London offers an exciting portfolio of undergraduate and postgraduate degree programmes in business and finance.  Choose to specialise in international business, accounting, marketing, law or HRM. Also on offer are full-time and part-time ACCA (Association of Chartered Certified Accountants) courses.
Study for degrees in hospitality and healthcare disciplines with guaranteed work placements within the industry, linking academic learning with the reality of the industry workplace.
ARU London's ethos is simple: to provide highly competitively priced, top quality business education geared to the contemporary student’s need for flexibility as well as the employer’s need for direct relevance.
ARU London is part of Anglia Ruskin University.","London, England",https://siuk-europe.s3.amazonaws.com/static/original_images/aru-london-logo-230.jpg,https://www.youtube.com/watch?v=jiYjHbLv8Vc,286f6794-7216-4420-8703-bfdf6fc2a50a,8be33aeb-b692-44f4-8e72-4393b356a3c9,4bbfdd53-cd19-4ea4-a5b9-557c99b623ec,a19e4724-bfe9-4172-bc69-26818a865ff0
Netherlands,North Holland,Amsterdam,Demo University Amsterdam 69,11,PERCENTAGE,https://siuk-europe.s3.amazonaws.com/static/original_images/aru-london-logo-230.jpg,http://lca.anglia.ac.uk/,"ARU London offers an exciting portfolio of undergraduate and postgraduate degree programmes in business and finance.  Choose to specialise in international business, accounting, marketing, law or HRM. Also on offer are full-time and part-time ACCA (Association of Chartered Certified Accountants) courses.
Study for degrees in hospitality and healthcare disciplines with guaranteed work placements within the industry, linking academic learning with the reality of the industry workplace.
ARU London's ethos is simple: to provide highly competitively priced, top quality business education geared to the contemporary student’s need for flexibility as well as the employer’s need for direct relevance.
ARU London is part of Anglia Ruskin University.","London, England",https://siuk-europe.s3.amazonaws.com/static/original_images/aru-london-logo-230.jpg,https://www.youtube.com/watch?v=jiYjHbLv8Vc,179e500e-59e0-4512-a6c9-eec6587f087c,dcb06742-bc90-4a2c-bff6-7f0a31a422e6,ffe3e910-bf44-4ba0-a578-20be1e26bac5,142c12db-38db-46f5-ad13-fc80c1dc8e30
Singapore,Central Region,Singapore,Demo University Singapore 70,24,PERCENTAGE,https://siuk-europe.s3.amazonaws.com/static/original_images/aru-london-logo-230.jpg,http://lca.anglia.ac.uk/,"ARU London offers an exciting portfolio of undergraduate and postgraduate degree programmes in business and finance.  Choose to specialise in international business, accounting, marketing, law or HRM. Also on offer are full-time and part-time ACCA (Association of Chartered Certified Accountants) courses.
Study for degrees in hospitality and healthcare disciplines with guaranteed work placements within the industry, linking academic learning with the reality of the industry workplace.
ARU London's ethos is simple: to provide highly competitively priced, top quality business education geared to the contemporary student’s need for flexibility as well as the employer’s need for direct relevance.
ARU London is part of Anglia Ruskin University.","London, England",https://siuk-europe.s3.amazonaws.com/static/original_images/aru-london-logo-230.jpg,https://www.youtube.com/watch?v=jiYjHbLv8Vc,6e7e293e-047f-4cd4-bef3-5303d11c3a05,e3bf1dd8-8538-4c30-9ec2-2107f4e3bec6,5431e634-0bbe-475e-87c3-c59f93d1bfd6,33202504-24e5-4817-a1da-1d4f63e50e21
Japan,Tokyo,Tokyo,Demo University Tokyo 71,13,PERCENTAGE,https://siuk-europe.s3.amazonaws.com/static/original_images/aru-london-logo-230.jpg,http://lca.anglia.ac.uk/,"ARU London offers an exciting portfolio of undergraduate and postgraduate degree programmes in business and finance.  Choose to specialise in international business, accounting, marketing, law or HRM. Also on offer are full-time and part-time ACCA (Association of Chartered Certified Accountants) courses.
Study for degrees in hospitality and healthcare disciplines with guaranteed work placements within the industry, linking academic learning with the reality of the industry workplace.
ARU London's ethos is simple: to provide highly competitively priced, top quality business education geared to the contemporary student’s need for flexibility as well as the employer’s need for direct relevance.
ARU London is part of Anglia Ruskin University.","London, England",https://siuk-europe.s3.amazonaws.com/static/original_images/aru-london-logo-230.jpg,https://www.youtube.com/watch?v=jiYjHbLv8Vc,66a72cb5-981d-40b0-83e8-f102bc4c72f4,1878de18-1aff-4181-abb9-2a5c3fec4a23,81af2301-8de1-417b-afdb-307e6592e2c2,9bd4a472-cdf8-4fc5-b69e-a8c28ba78fe8
New Zealand,Auckland,Auckland,Demo University Auckland 72,14,PERCENTAGE,https://siuk-europe.s3.amazonaws.com/static/original_images/aru-london-logo-230.jpg,http://lca.anglia.ac.uk/,"ARU London offers an exciting portfolio of undergraduate and postgraduate degree programmes in business and finance.  Choose to specialise in international business, accounting, marketing, law or HRM. Also on offer are full-time and part-time ACCA (Association of Chartered Certified Accountants) courses.
Study for degrees in hospitality and healthcare disciplines with guaranteed work placements within the industry, linking academic learning with the reality of the industry workplace.
ARU London's ethos is simple: to provide highly competitively priced, top quality business education geared to the contemporary student’s need for flexibility as well as the employer’s need for direct relevance.
ARU London is part of Anglia Ruskin University.","London, England",https://siuk-europe.s3.amazonaws.com/static/original_images/aru-london-logo-230.jpg,https://www.youtube.com/watch?v=jiYjHbLv8Vc,0d89eb5b-d6ae-4aa4-aab3-380286294dea,3067d2db-f805-4159-862b-87429ecfc5b0,f93c6f82-edd1-498e-b5d9-68e09248e77f,84cd007f-b802-44b9-aa6d-e22caf386884
United Kingdom,England,London,Demo University London 73,23,PERCENTAGE,https://siuk-europe.s3.amazonaws.com/static/original_images/aru-london-logo-230.jpg,http://lca.anglia.ac.uk/,"ARU London offers an exciting portfolio of undergraduate and postgraduate degree programmes in business and finance.  Choose to specialise in international business, accounting, marketing, law or HRM. Also on offer are full-time and part-time ACCA (Association of Chartered Certified Accountants) courses.
Study for degrees in hospitality and healthcare disciplines with guaranteed work placements within the industry, linking academic learning with the reality of the industry workplace.
ARU London's ethos is simple: to provide highly competitively priced, top quality business education geared to the contemporary student’s need for flexibility as well as the employer’s need for direct relevance.
ARU London is part of Anglia Ruskin University.","London, England",https://siuk-europe.s3.amazonaws.com/static/original_images/aru-london-logo-230.jpg,https://www.youtube.com/watch?v=jiYjHbLv8Vc,115a6f7c-88ab-4877-8c69-7fdfc183df15,b4ce7576-844b-490d-9238-51a6064cd021,38912944-f04f-4479-aec5-14ebb342a652,9b1a81c0-c960-4b10-a5be-68b1f0533e4d
United Kingdom,England,Manchester,Demo University Manchester 74,10,PERCENTAGE,https://siuk-europe.s3.amazonaws.com/static/original_images/aru-london-logo-230.jpg,http://lca.anglia.ac.uk/,"ARU London offers an exciting portfolio of undergraduate and postgraduate degree programmes in business and finance.  Choose to specialise in international business, accounting, marketing, law or HRM. Also on offer are full-time and part-time ACCA (Association of Chartered Certified Accountants) courses.
Study for degrees in hospitality and healthcare disciplines with guaranteed work placements within the industry, linking academic learning with the reality of the industry workplace.
ARU London's ethos is simple: to provide highly competitively priced, top quality business education geared to the contemporary student’s need for flexibility as well as the employer’s need for direct relevance.
ARU London is part of Anglia Ruskin University.","London, England",https://siuk-europe.s3.amazonaws.com/static/original_images/aru-london-logo-230.jpg,https://www.youtube.com/watch?v=jiYjHbLv8Vc,115a6f7c-88ab-4877-8c69-7fdfc183df15,b4ce7576-844b-490d-9238-51a6064cd021,f1560257-ef1a-4761-bc9a-709ab0562727,53f73e98-b634-40d2-acb3-3049dcbe9df6
United Kingdom,Scotland,Edinburgh,Demo University Edinburgh 75,21,PERCENTAGE,https://siuk-europe.s3.amazonaws.com/static/original_images/aru-london-logo-230.jpg,http://lca.anglia.ac.uk/,"ARU London offers an exciting portfolio of undergraduate and postgraduate degree programmes in business and finance.  Choose to specialise in international business, accounting, marketing, law or HRM. Also on offer are full-time and part-time ACCA (Association of Chartered Certified Accountants) courses.
Study for degrees in hospitality and healthcare disciplines with guaranteed work placements within the industry, linking academic learning with the reality of the industry workplace.
ARU London's ethos is simple: to provide highly competitively priced, top quality business education geared to the contemporary student’s need for flexibility as well as the employer’s need for direct relevance.
ARU London is part of Anglia Ruskin University.","London, England",https://siuk-europe.s3.amazonaws.com/static/original_images/aru-london-logo-230.jpg,https://www.youtube.com/watch?v=jiYjHbLv8Vc,115a6f7c-88ab-4877-8c69-7fdfc183df15,481c5e56-2192-45a0-a2d0-2f2f6f267780,028884c6-4349-45a9-92a7-d156b33a3b44,cc4bd395-3c88-4201-bbde-f01041252bb7
United Kingdom,Wales,Cardiff,Demo University Cardiff 76,13,PERCENTAGE,https://siuk-europe.s3.amazonaws.com/static/original_images/aru-london-logo-230.jpg,http://lca.anglia.ac.uk/,"ARU London offers an exciting portfolio of undergraduate and postgraduate degree programmes in business and finance.  Choose to specialise in international business, accounting, marketing, law or HRM. Also on offer are full-time and part-time ACCA (Association of Chartered Certified Accountants) courses.
Study for degrees in hospitality and healthcare disciplines with guaranteed work placements within the industry, linking academic learning with the reality of the industry workplace.
ARU London's ethos is simple: to provide highly competitively priced, top quality business education geared to the contemporary student’s need for flexibility as well as the employer’s need for direct relevance.
ARU London is part of Anglia Ruskin University.","London, England",https://siuk-europe.s3.amazonaws.com/static/original_images/aru-london-logo-230.jpg,https://www.youtube.com/watch?v=jiYjHbLv8Vc,115a6f7c-88ab-4877-8c69-7fdfc183df15,50e8438b-bf3c-49d5-8ef0-37084cdde275,1f8d7f23-0b5b-4150-8602-1ca5fedf9d0b,df358cec-4253-4da6-a385-85e5d0259996
Canada,Ontario,Toronto,Demo University Toronto 77,24,PERCENTAGE,https://siuk-europe.s3.amazonaws.com/static/original_images/aru-london-logo-230.jpg,http://lca.anglia.ac.uk/,"ARU London offers an exciting portfolio of undergraduate and postgraduate degree programmes in business and finance.  Choose to specialise in international business, accounting, marketing, law or HRM. Also on offer are full-time and part-time ACCA (Association of Chartered Certified Accountants) courses.
Study for degrees in hospitality and healthcare disciplines with guaranteed work placements within the industry, linking academic learning with the reality of the industry workplace.
ARU London's ethos is simple: to provide highly competitively priced, top quality business education geared to the contemporary student’s need for flexibility as well as the employer’s need for direct relevance.
ARU London is part of Anglia Ruskin University.","London, England",https://siuk-europe.s3.amazonaws.com/static/original_images/aru-london-logo-230.jpg,https://www.youtube.com/watch?v=jiYjHbLv8Vc,5c6a58c4-6ac2-49d4-a2a8-8c066f904c9b,4d3d0bc3-9f63-40f9-9c0c-355cd79e1da8,0d837c32-eb6e-4914-a92c-ef53feb5d431,9addc8b1-9b6c-4a2d-bf24-ed6a02e55198
Canada,Ontario,Ottawa,Demo University Ottawa 78,1127,AMOUNT,https://siuk-europe.s3.amazonaws.com/static/original_images/aru-london-logo-230.jpg,http://lca.anglia.ac.uk/,"ARU London offers an exciting portfolio of undergraduate and postgraduate degree programmes in business and finance.  Choose to specialise in international business, accounting, marketing, law or HRM. Also on offer are full-time and part-time ACCA (Association of Chartered Certified Accountants) courses.
Study for degrees in hospitality and healthcare disciplines with guaranteed work placements within the industry, linking academic learning with the reality of the industry workplace.
ARU London's ethos is simple: to provide highly competitively priced, top quality business education geared to the contemporary student’s need for flexibility as well as the employer’s need for direct relevance.
ARU London is part of Anglia Ruskin University.","London, England",https://siuk-europe.s3.amazonaws.com/static/original_images/aru-london-logo-230.jpg,https://www.youtube.com/watch?v=jiYjHbLv8Vc,5c6a58c4-6ac2-49d4-a2a8-8c066f904c9b,4d3d0bc3-9f63-40f9-9c0c-355cd79e1da8,21ab7067-5830-4dde-989c-4483338c1e8e,646b9a85-a6c2-4eed-870c-25ed2d910c91
Canada,British Columbia,Vancouver,Demo University Vancouver 79,12,PERCENTAGE,https://siuk-europe.s3.amazonaws.com/static/original_images/aru-london-logo-230.jpg,http://lca.anglia.ac.uk/,"ARU London offers an exciting portfolio of undergraduate and postgraduate degree programmes in business and finance.  Choose to specialise in international business, accounting, marketing, law or HRM. Also on offer are full-time and part-time ACCA (Association of Chartered Certified Accountants) courses.
Study for degrees in hospitality and healthcare disciplines with guaranteed work placements within the industry, linking academic learning with the reality of the industry workplace.
ARU London's ethos is simple: to provide highly competitively priced, top quality business education geared to the contemporary student’s need for flexibility as well as the employer’s need for direct relevance.
ARU London is part of Anglia Ruskin University.","London, England",https://siuk-europe.s3.amazonaws.com/static/original_images/aru-london-logo-230.jpg,https://www.youtube.com/watch?v=jiYjHbLv8Vc,5c6a58c4-6ac2-49d4-a2a8-8c066f904c9b,2c04fa0e-776d-4f97-ad77-33de3d22d8ac,61836664-0699-4031-85f1-8568912c470b,26c89ec7-7df2-4ae3-9204-a5a1e6682d3b
Canada,Quebec,Montreal,Demo University Montreal 80,13,PERCENTAGE,https://siuk-europe.s3.amazonaws.com/static/original_images/aru-london-logo-230.jpg,http://lca.anglia.ac.uk/,"ARU London offers an exciting portfolio of undergraduate and postgraduate degree programmes in business and finance.  Choose to specialise in international business, accounting, marketing, law or HRM. Also on offer are full-time and part-time ACCA (Association of Chartered Certified Accountants) courses.
Study for degrees in hospitality and healthcare disciplines with guaranteed work placements within the industry, linking academic learning with the reality of the industry workplace.
ARU London's ethos is simple: to provide highly competitively priced, top quality business education geared to the contemporary student’s need for flexibility as well as the employer’s need for direct relevance.
ARU London is part of Anglia Ruskin University.","London, England",https://siuk-europe.s3.amazonaws.com/static/original_images/aru-london-logo-230.jpg,https://www.youtube.com/watch?v=jiYjHbLv8Vc,5c6a58c4-6ac2-49d4-a2a8-8c066f904c9b,b959201d-5fae-4223-ad0e-fc930d1225f0,c7744792-2e95-49ac-9d35-a9b92e0e45f5,bc6897c7-d60a-49a1-a6d8-f0af5cdb6353
Australia,New South Wales,Sydney,Demo University Sydney 81,13,PERCENTAGE,https://siuk-europe.s3.amazonaws.com/static/original_images/aru-london-logo-230.jpg,http://lca.anglia.ac.uk/,"ARU London offers an exciting portfolio of undergraduate and postgraduate degree programmes in business and finance.  Choose to specialise in international business, accounting, marketing, law or HRM. Also on offer are full-time and part-time ACCA (Association of Chartered Certified Accountants) courses.
Study for degrees in hospitality and healthcare disciplines with guaranteed work placements within the industry, linking academic learning with the reality of the industry workplace.
ARU London's ethos is simple: to provide highly competitively priced, top quality business education geared to the contemporary student’s need for flexibility as well as the employer’s need for direct relevance.
ARU London is part of Anglia Ruskin University.","London, England",https://siuk-europe.s3.amazonaws.com/static/original_images/aru-london-logo-230.jpg,https://www.youtube.com/watch?v=jiYjHbLv8Vc,afe722a0-08f1-4b88-ae83-ac26a9c7de7c,6d9e4ed8-25b1-4225-b5ff-cc68c77f8cd4,0189027f-a9f1-49a4-b144-23cf56a8f775,00f193bf-dc73-4344-ab64-d916a6d03ac2
Australia,Victoria,Melbourne,Demo University Melbourne 82,1799,AMOUNT,https://siuk-europe.s3.amazonaws.com/static/original_images/aru-london-logo-230.jpg,http://lca.anglia.ac.uk/,"ARU London offers an exciting portfolio of undergraduate and postgraduate degree programmes in business and finance.  Choose to specialise in international business, accounting, marketing, law or HRM. Also on offer are full-time and part-time ACCA (Association of Chartered Certified Accountants) courses.
Study for degrees in hospitality and healthcare disciplines with guaranteed work placements within the industry, linking academic learning with the reality of the industry workplace.
ARU London's ethos is simple: to provide highly competitively priced, top quality business education geared to the contemporary student’s need for flexibility as well as the employer’s need for direct relevance.
ARU London is part of Anglia Ruskin University.","London, England",https://siuk-europe.s3.amazonaws.com/static/original_images/aru-london-logo-230.jpg,https://www.youtube.com/watch?v=jiYjHbLv8Vc,afe722a0-08f1-4b88-ae83-ac26a9c7de7c,de4f1024-23ee-4382-8da0-db2c671eeccd,f811bd59-4117-49ee-ad6a-280d6a504f2a,b0943245-9020-403b-9879-89cfcdf0b246
Australia,Queensland,Brisbane,Demo University Brisbane 83,10,PERCENTAGE,https://siuk-europe.s3.amazonaws.com/static/original_images/aru-london-logo-230.jpg,http://lca.anglia.ac.uk/,"ARU London offers an exciting portfolio of undergraduate and postgraduate degree programmes in business and finance.  Choose to specialise in international business, accounting, marketing, law or HRM. Also on offer are full-time and part-time ACCA (Association of Chartered Certified Accountants) courses.
Study for degrees in hospitality and healthcare disciplines with guaranteed work placements within the industry, linking academic learning with the reality of the industry workplace.
ARU London's ethos is simple: to provide highly competitively priced, top quality business education geared to the contemporary student’s need for flexibility as well as the employer’s need for direct relevance.
ARU London is part of Anglia Ruskin University.","London, England",https://siuk-europe.s3.amazonaws.com/static/original_images/aru-london-logo-230.jpg,https://www.youtube.com/watch?v=jiYjHbLv8Vc,afe722a0-08f1-4b88-ae83-ac26a9c7de7c,4710fdd5-df02-4058-8125-a30d416af834,7e6d1271-94ea-4444-9ecf-395b51e82de7,f6cde612-0793-4f1c-ad4f-19c7f128b3db
United States,California,Los Angeles,Demo University Los Angeles 84,10,PERCENTAGE,https://siuk-europe.s3.amazonaws.com/static/original_images/aru-london-logo-230.jpg,http://lca.anglia.ac.uk/,"ARU London offers an exciting portfolio of undergraduate and postgraduate degree programmes in business and finance.  Choose to specialise in international business, accounting, marketing, law or HRM. Also on offer are full-time and part-time ACCA (Association of Chartered Certified Accountants) courses.
Study for degrees in hospitality and healthcare disciplines with guaranteed work placements within the industry, linking academic learning with the reality of the industry workplace.
ARU London's ethos is simple: to provide highly competitively priced, top quality business education geared to the contemporary student’s need for flexibility as well as the employer’s need for direct relevance.
ARU London is part of Anglia Ruskin University.","London, England",https://siuk-europe.s3.amazonaws.com/static/original_images/aru-london-logo-230.jpg,https://www.youtube.com/watch?v=jiYjHbLv8Vc,9b14be43-9969-4559-afc7-cb84c513dc96,28ff8462-def5-4519-8044-106a10a9bfea,21b13422-7981-406c-a6a5-62011a3b36ce,2cc8b486-1b12-4cf6-9a44-b41724f9dc6b
United States,California,San Francisco,Demo University San Francisco 85,11,PERCENTAGE,https://siuk-europe.s3.amazonaws.com/static/original_images/aru-london-logo-230.jpg,http://lca.anglia.ac.uk/,"ARU London offers an exciting portfolio of undergraduate and postgraduate degree programmes in business and finance.  Choose to specialise in international business, accounting, marketing, law or HRM. Also on offer are full-time and part-time ACCA (Association of Chartered Certified Accountants) courses.
Study for degrees in hospitality and healthcare disciplines with guaranteed work placements within the industry, linking academic learning with the reality of the industry workplace.
ARU London's ethos is simple: to provide highly competitively priced, top quality business education geared to the contemporary student’s need for flexibility as well as the employer’s need for direct relevance.
ARU London is part of Anglia Ruskin University.","London, England",https://siuk-europe.s3.amazonaws.com/static/original_images/aru-london-logo-230.jpg,https://www.youtube.com/watch?v=jiYjHbLv8Vc,9b14be43-9969-4559-afc7-cb84c513dc96,28ff8462-def5-4519-8044-106a10a9bfea,ceba3779-1eee-4d7c-842d-a03c4585cf09,5cbf3ae1-4afb-4fbb-a973-7c3fedb4a97e
United States,New York,New York City,Demo University New York City 86,12,PERCENTAGE,https://siuk-europe.s3.amazonaws.com/static/original_images/aru-london-logo-230.jpg,http://lca.anglia.ac.uk/,"ARU London offers an exciting portfolio of undergraduate and postgraduate degree programmes in business and finance.  Choose to specialise in international business, accounting, marketing, law or HRM. Also on offer are full-time and part-time ACCA (Association of Chartered Certified Accountants) courses.
Study for degrees in hospitality and healthcare disciplines with guaranteed work placements within the industry, linking academic learning with the reality of the industry workplace.
ARU London's ethos is simple: to provide highly competitively priced, top quality business education geared to the contemporary student’s need for flexibility as well as the employer’s need for direct relevance.
ARU London is part of Anglia Ruskin University.","London, England",https://siuk-europe.s3.amazonaws.com/static/original_images/aru-london-logo-230.jpg,https://www.youtube.com/watch?v=jiYjHbLv8Vc,9b14be43-9969-4559-afc7-cb84c513dc96,8d7063e7-4b1f-490c-970e-c3dc6cf5a8aa,80f5b7e5-0a97-4c10-a4de-55bfcbd465cd,6ac6290b-951f-478a-b8d0-7ddf75bd6f4e
United States,Texas,Houston,Demo University Houston 87,14,PERCENTAGE,https://siuk-europe.s3.amazonaws.com/static/original_images/aru-london-logo-230.jpg,http://lca.anglia.ac.uk/,"ARU London offers an exciting portfolio of undergraduate and postgraduate degree programmes in business and finance.  Choose to specialise in international business, accounting, marketing, law or HRM. Also on offer are full-time and part-time ACCA (Association of Chartered Certified Accountants) courses.
Study for degrees in hospitality and healthcare disciplines with guaranteed work placements within the industry, linking academic learning with the reality of the industry workplace.
ARU London's ethos is simple: to provide highly competitively priced, top quality business education geared to the contemporary student’s need for flexibility as well as the employer’s need for direct relevance.
ARU London is part of Anglia Ruskin University.","London, England",https://siuk-europe.s3.amazonaws.com/static/original_images/aru-london-logo-230.jpg,https://www.youtube.com/watch?v=jiYjHbLv8Vc,9b14be43-9969-4559-afc7-cb84c513dc96,2c01c4bf-0c8a-4eec-9345-2b050aa8f023,4e921276-f72d-4c65-b6d6-2a6caa5d96a5,4fcc9d43-74db-41ec-97bd-0f06d44d85bb
United States,Illinois,Chicago,Demo University Chicago 88,18,PERCENTAGE,https://siuk-europe.s3.amazonaws.com/static/original_images/aru-london-logo-230.jpg,http://lca.anglia.ac.uk/,"ARU London offers an exciting portfolio of undergraduate and postgraduate degree programmes in business and finance.  Choose to specialise in international business, accounting, marketing, law or HRM. Also on offer are full-time and part-time ACCA (Association of Chartered Certified Accountants) courses.
Study for degrees in hospitality and healthcare disciplines with guaranteed work placements within the industry, linking academic learning with the reality of the industry workplace.
ARU London's ethos is simple: to provide highly competitively priced, top quality business education geared to the contemporary student’s need for flexibility as well as the employer’s need for direct relevance.
ARU London is part of Anglia Ruskin University.","London, England",https://siuk-europe.s3.amazonaws.com/static/original_images/aru-london-logo-230.jpg,https://www.youtube.com/watch?v=jiYjHbLv8Vc,9b14be43-9969-4559-afc7-cb84c513dc96,e99648ca-923e-4740-bedc-8256366acbfa,9d0a610d-d474-4ef5-a342-68bdc1ba4d7b,3f468336-77c6-4c67-807e-37f54286f549
Germany,Bavaria,Munich,Demo University Munich 89,20,PERCENTAGE,https://siuk-europe.s3.amazonaws.com/static/original_images/aru-london-logo-230.jpg,http://lca.anglia.ac.uk/,"ARU London offers an exciting portfolio of undergraduate and postgraduate degree programmes in business and finance.  Choose to specialise in international business, accounting, marketing, law or HRM. Also on offer are full-time and part-time ACCA (Association of Chartered Certified Accountants) courses.
Study for degrees in hospitality and healthcare disciplines with guaranteed work placements within the industry, linking academic learning with the reality of the industry workplace.
ARU London's ethos is simple: to provide highly competitively priced, top quality business education geared to the contemporary student’s need for flexibility as well as the employer’s need for direct relevance.
ARU London is part of Anglia Ruskin University.","London, England",https://siuk-europe.s3.amazonaws.com/static/original_images/aru-london-logo-230.jpg,https://www.youtube.com/watch?v=jiYjHbLv8Vc,bfc8ae69-196e-4965-a458-dbcfabb62f74,97c56c14-4271-457d-aa65-7b4833b9b7c0,6eff069a-2ce5-40bc-8dd2-e617a9fa0086,6e75fd10-e09a-4f8e-a9e6-05b826fcff9a
Germany,Berlin,Berlin,Demo University Berlin 90,20,PERCENTAGE,https://siuk-europe.s3.amazonaws.com/static/original_images/aru-london-logo-230.jpg,http://lca.anglia.ac.uk/,"ARU London offers an exciting portfolio of undergraduate and postgraduate degree programmes in business and finance.  Choose to specialise in international business, accounting, marketing, law or HRM. Also on offer are full-time and part-time ACCA (Association of Chartered Certified Accountants) courses.
Study for degrees in hospitality and healthcare disciplines with guaranteed work placements within the industry, linking academic learning with the reality of the industry workplace.
ARU London's ethos is simple: to provide highly competitively priced, top quality business education geared to the contemporary student’s need for flexibility as well as the employer’s need for direct relevance.
ARU London is part of Anglia Ruskin University.","London, England",https://siuk-europe.s3.amazonaws.com/static/original_images/aru-london-logo-230.jpg,https://www.youtube.com/watch?v=jiYjHbLv8Vc,bfc8ae69-196e-4965-a458-dbcfabb62f74,d9144217-ee86-4064-975c-0ea8b0c981db,87ea18c8-d650-4ebd-9c01-5f3a4f7b71f9,ef2efc18-5017-4553-82d8-b045b5ac268f
France,Île-de-France,Paris,Demo University Paris 91,14,PERCENTAGE,https://siuk-europe.s3.amazonaws.com/static/original_images/aru-london-logo-230.jpg,http://lca.anglia.ac.uk/,"ARU London offers an exciting portfolio of undergraduate and postgraduate degree programmes in business and finance.  Choose to specialise in international business, accounting, marketing, law or HRM. Also on offer are full-time and part-time ACCA (Association of Chartered Certified Accountants) courses.
Study for degrees in hospitality and healthcare disciplines with guaranteed work placements within the industry, linking academic learning with the reality of the industry workplace.
ARU London's ethos is simple: to provide highly competitively priced, top quality business education geared to the contemporary student’s need for flexibility as well as the employer’s need for direct relevance.
ARU London is part of Anglia Ruskin University.","London, England",https://siuk-europe.s3.amazonaws.com/static/original_images/aru-london-logo-230.jpg,https://www.youtube.com/watch?v=jiYjHbLv8Vc,7282668b-a3f8-47e3-bc3c-10cff00c6d50,d3270a24-f223-45c4-b20b-268c64e5fffe,8f99d8a7-5521-4747-a68d-9c449ed2b46a,66ab1787-4366-405c-a06c-795f6e54ba68
Ireland,Leinster,Dublin,Demo University Dublin 92,21,PERCENTAGE,https://siuk-europe.s3.amazonaws.com/static/original_images/aru-london-logo-230.jpg,http://lca.anglia.ac.uk/,"ARU London offers an exciting portfolio of undergraduate and postgraduate degree programmes in business and finance.  Choose to specialise in international business, accounting, marketing, law or HRM. Also on offer are full-time and part-time ACCA (Association of Chartered Certified Accountants) courses.
Study for degrees in hospitality and healthcare disciplines with guaranteed work placements within the industry, linking academic learning with the reality of the industry workplace.
ARU London's ethos is simple: to provide highly competitively priced, top quality business education geared to the contemporary student’s need for flexibility as well as the employer’s need for direct relevance.
ARU London is part of Anglia Ruskin University.","London, England",https://siuk-europe.s3.amazonaws.com/static/original_images/aru-london-logo-230.jpg,https://www.youtube.com/watch?v=jiYjHbLv8Vc,286f6794-7216-4420-8703-bfdf6fc2a50a,8be33aeb-b692-44f4-8e72-4393b356a3c9,4bbfdd53-cd19-4ea4-a5b9-557c99b623ec,1a1b999f-950e-4674-95d7-91eb2b4a8c86
